BLE,1657466520081770098,3B:E1:C5:93:65:D2,-50
BLE,1657466520132567678,F0:3F:B0:47:E5:DB,-86
BLE,1657466520158303452,D0:03:DF:C9:BE:CF,-84
BLE,1657466520273170979,3B:E1:C5:93:65:D2,-54
BLE,1657466520288031271,C0:0A:1A:10:3D:56,-87
BLE,1657466520329537293,D0:03:DF:C9:BE:CF,-84
BLE,1657466520455962270,90:DD:5D:B3:CD:3C,-93
BLE,1657466520467127738,D0:03:DF:C9:BE:CF,-83
BLE,1657466520524599000,35:9A:01:59:70:9E,-95
BLE,1657466520541491195,F0:3F:B0:47:E5:DB,-87
BLE,1657466520602551286,3B:E1:C5:93:65:D2,-54
BLE,1657466520622547333,8C:EA:48:4C:F1:01,-85
BLE,1657466520624843224,D0:03:DF:C9:BE:CF,-84
BLE,1657466520692832984,3B:E1:C5:93:65:D2,-50
BLE,1657466520714582948,62:98:A5:32:A2:5E,-83
BLE,1657466520730111208,90:DD:5D:B3:CD:3C,-95
BLE,1657466520794396146,3B:E1:C5:93:65:D2,-55
BLE,1657466520822605801,D0:03:DF:C9:BE:CF,-74
BLE,1657466520901543041,3B:E1:C5:93:65:D2,-77
BLE,1657466520930703651,D0:03:DF:C9:BE:CF,-80
BLE,1657466520948061824,F0:3F:B0:47:E5:DB,-76
BLE,1657466521012542752,3B:E1:C5:93:65:D2,-36
BLE,1657466521089056160,D0:03:DF:C9:BE:CF,-80
BLE,1657466521111447108,3B:E1:C5:93:65:D2,-52
BLE,1657466521126946381,53:5A:4A:FA:8C:C8,-95
BLE,1657466521186649577,7C:2E:BD:1A:5C:CE,-95
BLE,1657466521251889514,C0:0A:1A:10:3D:56,-87
BLE,1657466521326141028,3B:E1:C5:93:65:D2,-51
BLE,1657466521362712311,F0:3F:B0:47:E5:DB,-87
BLE,1657466521390695997,D0:03:DF:C9:BE:CF,-84
BLE,1657466521425606358,3B:E1:C5:93:65:D2,-54
BLE,1657466521438940732,35:9A:01:59:70:9E,-83
BLE,1657466521569145618,D0:03:DF:C9:BE:CF,-74
BLE,1657466521637997385,3B:E1:C5:93:65:D2,-50
BLE,1657466521670439862,53:5A:4A:FA:8C:C8,-91
BLE,1657466521692996803,8C:EA:48:4C:F1:01,-94
BLE,1657466521747085263,3B:E1:C5:93:65:D2,-51
BLE,1657466521853061287,8C:EA:48:4C:F1:01,-96
BLE,1657466521854324228,3B:E1:C5:93:65:D2,-51
BLE,1657466521859517984,D0:03:DF:C9:BE:CF,-83
BLE,1657466521940615176,53:5A:4A:FA:8C:C8,-81
BLE,1657466521962745137,3B:E1:C5:93:65:D2,-54
BLE,1657466522049833067,D0:03:DF:C9:BE:CF,-85
BLE,1657466522069823142,3B:E1:C5:93:65:D2,-54
BLE,1657466522110301268,80:47:86:70:AC:85,-84
BLE,1657466522156256141,F0:3F:B0:47:E5:DB,-89
BLE,1657466522175771238,3B:E1:C5:93:65:D2,-51
BLE,1657466522198303195,D0:03:DF:C9:BE:CF,-82
BLE,1657466522218861244,53:5A:4A:FA:8C:C8,-77
BLE,1657466522219290224,C0:0A:1A:10:3D:56,-88
BLE,1657466522338713696,D0:03:DF:C9:BE:CF,-80
BLE,1657466522388795378,3B:E1:C5:93:65:D2,-54
BLE,1657466522489864701,D0:03:DF:C9:BE:CF,-85
BLE,1657466522530019842,62:98:A5:32:A2:5E,-98
BLE,1657466522535358595,35:9A:01:59:70:9E,-85
BLE,1657466522593936884,3B:E1:C5:93:65:D2,-53
BLE,1657466522640593724,D0:03:DF:C9:BE:CF,-80
BLE,1657466522699855982,3B:E1:C5:93:65:D2,-67
BLE,1657466522754754441,53:5A:4A:FA:8C:C8,-91
BLE,1657466522782369163,62:98:A5:32:A2:5E,-90
BLE,1657466522808394958,3B:E1:C5:93:65:D2,-36
BLE,1657466522810487861,D0:03:DF:C9:BE:CF,-74
BLE,1657466522872437994,80:9F:9B:86:84:DE,-97
BLE,1657466522896643874,90:DD:5D:B3:CD:3C,-98
BLE,1657466522902069622,35:9A:01:59:70:9E,-92
BLE,1657466522917869891,3B:E1:C5:93:65:D2,-50
BLE,1657466522935718065,8C:EA:48:4C:F1:01,-99
BLE,1657466522965403691,F0:3F:B0:47:E5:DB,-88
BLE,1657466523028201795,3B:E1:C5:93:65:D2,-53
BLE,1657466523028575778,53:5A:4A:FA:8C:C8,-76
BLE,1657466523101569447,35:9A:01:59:70:9E,-92
BLE,1657466523115314820,D0:03:DF:C9:BE:CF,-80
BLE,1657466523127395268,3B:E1:C5:93:65:D2,-40
BLE,1657466523235731324,3B:E1:C5:93:65:D2,-52
BLE,1657466523264859995,D0:03:DF:C9:BE:CF,-84
BLE,1657466523296043572,53:5A:4A:FA:8C:C8,-91
BLE,1657466523300364375,62:98:A5:32:A2:5E,-90
BLE,1657466523365684394,F0:3F:B0:47:E5:DB,-89
BLE,1657466523406583528,D0:03:DF:C9:BE:CF,-66
BLE,1657466523441018956,90:DD:5D:B3:CD:3C,-82
BLE,1657466523450582520,3B:E1:C5:93:65:D2,-53
BLE,1657466523554910759,3B:E1:C5:93:65:D2,-38
BLE,1657466523565631270,53:5A:4A:FA:8C:C8,-91
BLE,1657466523569361099,D0:03:DF:C9:BE:CF,-83
BLE,1657466523657513077,3B:E1:C5:93:65:D2,-49
BLE,1657466523712287577,90:DD:5D:B3:CD:3C,-90
BLE,1657466523714364482,D0:03:DF:C9:BE:CF,-84
BLE,1657466523750603828,7C:2E:BD:1A:5C:CE,-95
BLE,1657466523763536238,3B:E1:C5:93:65:D2,-37
BLE,1657466523812457006,35:9A:01:59:70:9E,-95
BLE,1657466523836156924,53:5A:4A:FA:8C:C8,-91
BLE,1657466523866051560,3B:E1:C5:93:65:D2,-50
BLE,1657466523890675436,D0:03:DF:C9:BE:CF,-83
BLE,1657466523968506885,3B:E1:C5:93:65:D2,-52
BLE,1657466523985000132,90:DD:5D:B3:CD:3C,-93
BLE,1657466524021214480,D0:03:DF:C9:BE:CF,-84
BLE,1657466524067382402,3B:E1:C5:93:65:D2,-50
BLE,1657466524106024663,53:5A:4A:FA:8C:C8,-92
BLE,1657466524111312425,80:47:86:70:AC:85,-88
BLE,1657466524176608487,35:9A:01:59:70:9E,-94
BLE,1657466524255022957,90:DD:5D:B3:CD:3C,-93
BLE,1657466524274767069,3B:E1:C5:93:65:D2,-53
BLE,1657466524330627555,8C:EA:48:4C:F1:01,-97
BLE,1657466524360361217,35:9A:01:59:70:9E,-95
BLE,1657466524379122372,3B:E1:C5:93:65:D2,-51
BLE,1657466524578909381,F0:3F:B0:47:E5:DB,-82
BLE,1657466524590779846,3B:E1:C5:93:65:D2,-39
BLE,1657466524641291573,8C:EA:48:4C:F1:01,-96
BLE,1657466524649549201,D0:03:DF:C9:BE:CF,-84
BLE,1657466524725817769,35:9A:01:59:70:9E,-94
BLE,1657466524794123695,3B:E1:C5:93:65:D2,-54
BLE,1657466524809088021,D0:03:DF:C9:BE:CF,-85
BLE,1657466524851134129,62:98:A5:32:A2:5E,-92
BLE,1657466524894733167,3B:E1:C5:93:65:D2,-35
BLE,1657466524952801553,D0:03:DF:C9:BE:CF,-85
BLE,1657466524979190366,F0:3F:B0:47:E5:DB,-83
BLE,1657466525003863255,3B:E1:C5:93:65:D2,-36
BLE,1657466525034833875,7C:2E:BD:1A:5C:CE,-86
BLE,1657466525068050400,90:DD:5D:B3:CD:3C,-96
BLE,1657466525083716705,F9:EE:48:02:37:33,-95
BLE,1657466525103539825,3B:E1:C5:93:65:D2,-35
BLE,1657466525114867322,62:98:A5:32:A2:5E,-98
BLE,1657466525121867011,C0:0A:1A:10:3D:56,-88
BLE,1657466525130012649,D0:03:DF:C9:BE:CF,-87
BLE,1657466525205743287,3B:E1:C5:93:65:D2,-50
BLE,1657466525274192248,35:9A:01:59:70:9E,-96
BLE,1657466525310091654,3B:E1:C5:93:65:D2,-53
BLE,1657466525383528394,F0:3F:B0:47:E5:DB,-68
BLE,1657466525411417156,3B:E1:C5:93:65:D2,-52
BLE,1657466525481147060,80:47:86:70:AC:85,-84
BLE,1657466525514598575,3B:E1:C5:93:65:D2,-53
BLE,1657466525610848302,D0:03:DF:C9:BE:CF,-80
BLE,1657466525618568959,3B:E1:C5:93:65:D2,-51
BLE,1657466525631209398,62:98:A5:32:A2:5E,-97
BLE,1657466525720286443,3B:E1:C5:93:65:D2,-52
BLE,1657466525725491212,D0:03:DF:C9:BE:CF,-65
BLE,1657466525781562722,F0:3F:B0:47:E5:DB,-85
BLE,1657466525881717276,90:DD:5D:B3:CD:3C,-83
BLE,1657466525889060950,D0:03:DF:C9:BE:CF,-75
BLE,1657466525926533286,3B:E1:C5:93:65:D2,-53
BLE,1657466526007497692,35:9A:01:59:70:9E,-92
BLE,1657466526030354688,3B:E1:C5:93:65:D2,-54
BLE,1657466526050032825,D0:03:DF:C9:BE:CF,-84
BLE,1657466526089498097,C0:0A:1A:10:3D:56,-77
BLE,1657466526133236181,3B:E1:C5:93:65:D2,-35
BLE,1657466526187229815,D0:03:DF:C9:BE:CF,-84
BLE,1657466526189864700,35:9A:01:59:70:9E,-84
BLE,1657466526345845867,3B:E1:C5:93:65:D2,-54
BLE,1657466526370521786,D0:03:DF:C9:BE:CF,-85
BLE,1657466526417194741,62:98:A5:32:A2:5E,-96
BLE,1657466526421568549,90:DD:5D:B3:CD:3C,-86
BLE,1657466526449204339,3B:E1:C5:93:65:D2,-51
BLE,1657466526490884513,D0:03:DF:C9:BE:CF,-81
BLE,1657466526554075745,3B:E1:C5:93:65:D2,-37
BLE,1657466526583827441,7C:2E:BD:1A:5C:CE,-95
BLE,1657466526588705228,F0:3F:B0:47:E5:DB,-82
BLE,1657466526662694986,3B:E1:C5:93:65:D2,-54
BLE,1657466526674834455,62:98:A5:32:A2:5E,-90
BLE,1657466526737867693,35:9A:01:59:70:9E,-97
BLE,1657466526823614937,53:5A:4A:FA:8C:C8,-92
BLE,1657466526834482461,7C:2E:BD:1A:5C:CE,-94
BLE,1657466526870918865,3B:E1:C5:93:65:D2,-52
BLE,1657466526878155548,80:47:86:70:AC:85,-84
BLE,1657466526970366508,3B:E1:C5:93:65:D2,-35
BLE,1657466526996278373,F0:3F:B0:47:E5:DB,-87
BLE,1657466527052775899,C0:0A:1A:10:3D:56,-90
BLE,1657466527086350447,F9:EE:48:02:37:33,-96
BLE,1657466527097634959,53:5A:4A:FA:8C:C8,-81
BLE,1657466527104405667,35:9A:01:59:70:9E,-86
BLE,1657466527130614533,D0:03:DF:C9:BE:CF,-84
BLE,1657466527183454249,3B:E1:C5:93:65:D2,-52
BLE,1657466527191716892,62:98:A5:32:A2:5E,-90
BLE,1657466527214167921,80:47:86:70:AC:85,-94
BLE,1657466527282965946,3B:E1:C5:93:65:D2,-51
BLE,1657466527289941645,D0:03:DF:C9:BE:CF,-84
BLE,1657466527348161128,7C:2E:BD:1A:5C:CE,-84
BLE,1657466527400399869,F0:3F:B0:47:E5:DB,-85
BLE,1657466527419197056,D0:03:DF:C9:BE:CF,-84
BLE,1657466527499465586,3B:E1:C5:93:65:D2,-52
BLE,1657466527611429745,D0:03:DF:C9:BE:CF,-79
BLE,1657466527658424713,35:9A:01:59:70:9E,-99
BLE,1657466527705764666,3B:E1:C5:93:65:D2,-52
BLE,1657466527809911164,F0:3F:B0:47:E5:DB,-85
BLE,1657466527878397202,D0:03:DF:C9:BE:CF,-85
BLE,1657466527882677017,8C:EA:48:4C:F1:01,-94
BLE,1657466527919619420,3B:E1:C5:93:65:D2,-52
BLE,1657466527971686169,62:98:A5:32:A2:5E,-93
BLE,1657466528015430278,C0:0A:1A:10:3D:56,-89
BLE,1657466528026613801,3B:E1:C5:93:65:D2,-50
BLE,1657466528114463051,7C:2E:BD:1A:5C:CE,-94
BLE,1657466528133235250,3B:E1:C5:93:65:D2,-51
BLE,1657466528189042868,D0:03:DF:C9:BE:CF,-84
BLE,1657466528218724601,F0:3F:B0:47:E5:DB,-82
BLE,1657466528228763173,62:98:A5:32:A2:5E,-89
BLE,1657466528348458064,3B:E1:C5:93:65:D2,-38
BLE,1657466528389908295,35:9A:01:59:70:9E,-93
BLE,1657466528455353501,3B:E1:C5:93:65:D2,-51
BLE,1657466528489431047,62:98:A5:32:A2:5E,-95
BLE,1657466528529830322,D0:03:DF:C9:BE:CF,-84
BLE,1657466528564178856,80:47:86:70:AC:85,-92
BLE,1657466528572704492,35:9A:01:59:70:9E,-93
BLE,1657466528592854632,90:DD:5D:B3:CD:3C,-90
BLE,1657466528619590491,F0:3F:B0:47:E5:DB,-86
BLE,1657466528650822158,D0:03:DF:C9:BE:CF,-80
BLE,1657466528665864516,3B:E1:C5:93:65:D2,-54
BLE,1657466528735223556,53:5A:4A:FA:8C:C8,-90
BLE,1657466528772659958,3B:E1:C5:93:65:D2,-54
BLE,1657466528865355001,90:DD:5D:B3:CD:3C,-91
BLE,1657466528873197667,3B:E1:C5:93:65:D2,-52
BLE,1657466528937752911,35:9A:01:59:70:9E,-96
BLE,1657466528969677549,D0:03:DF:C9:BE:CF,-74
BLE,1657466528975836286,3B:E1:C5:93:65:D2,-77
BLE,1657466528985200886,C0:0A:1A:10:3D:56,-89
BLE,1657466529004900045,53:5A:4A:FA:8C:C8,-93
BLE,1657466529014956617,62:98:A5:32:A2:5E,-91
BLE,1657466529021271351,F0:3F:B0:47:E5:DB,-86
BLE,1657466529119637205,35:9A:01:59:70:9E,-94
BLE,1657466529137867437,90:DD:5D:B3:CD:3C,-94
BLE,1657466529188959283,3B:E1:C5:93:65:D2,-52
BLE,1657466529275968616,62:98:A5:32:A2:5E,-83
BLE,1657466529289933028,D0:03:DF:C9:BE:CF,-85
BLE,1657466529293277887,3B:E1:C5:93:65:D2,-52
BLE,1657466529399151425,3B:E1:C5:93:65:D2,-35
BLE,1657466529413931802,90:DD:5D:B3:CD:3C,-96
BLE,1657466529425616309,F0:3F:B0:47:E5:DB,-87
BLE,1657466529437292817,8C:EA:48:4C:F1:01,-96
BLE,1657466529449937284,D0:03:DF:C9:BE:CF,-74
BLE,1657466529508529815,3B:E1:C5:93:65:D2,-51
BLE,1657466529549078106,53:5A:4A:FA:8C:C8,-91
BLE,1657466529580473783,D0:03:DF:C9:BE:CF,-83
BLE,1657466529617036242,3B:E1:C5:93:65:D2,-52
BLE,1657466529646857985,7C:2E:BD:1A:5C:CE,-93
BLE,1657466529716045069,3B:E1:C5:93:65:D2,-65
BLE,1657466529771097749,D0:03:DF:C9:BE:CF,-80
BLE,1657466529821013645,3B:E1:C5:93:65:D2,-52
BLE,1657466529827573368,F0:3F:B0:47:E5:DB,-89
BLE,1657466529852207330,35:9A:01:59:70:9E,-92
BLE,1657466529930487031,3B:E1:C5:93:65:D2,-77
BLE,1657466529949984209,C0:0A:1A:10:3D:56,-87
BLE,1657466530033409701,35:9A:01:59:70:9E,-95
BLE,1657466530035517614,3B:E1:C5:93:65:D2,-77
BLE,1657466530049241042,D0:03:DF:C9:BE:CF,-84
BLE,1657466530138800314,3B:E1:C5:93:65:D2,-35
BLE,1657466530199743777,D0:03:DF:C9:BE:CF,-81
BLE,1657466530216196093,35:9A:01:59:70:9E,-89
BLE,1657466530222766819,8C:EA:48:4C:F1:01,-96
BLE,1657466530228264590,F0:3F:B0:47:E5:DB,-90
BLE,1657466530246244842,3B:E1:C5:93:65:D2,-51
BLE,1657466530351886444,3B:E1:C5:93:65:D2,-54
BLE,1657466530369744701,D0:03:DF:C9:BE:CF,-85
BLE,1657466530460631918,3B:E1:C5:93:65:D2,-54
BLE,1657466530509011904,D0:03:DF:C9:BE:CF,-83
BLE,1657466530568399432,3B:E1:C5:93:65:D2,-35
BLE,1657466530582697836,35:9A:01:59:70:9E,-94
BLE,1657466530636848582,F0:3F:B0:47:E5:DB,-93
BLE,1657466530689802378,D0:03:DF:C9:BE:CF,-75
BLE,1657466530780859588,3B:E1:C5:93:65:D2,-54
BLE,1657466530814220199,62:98:A5:32:A2:5E,-91
BLE,1657466530851378652,D0:03:DF:C9:BE:CF,-80
BLE,1657466530887809136,3B:E1:C5:93:65:D2,-52
BLE,1657466530918176872,C0:0A:1A:10:3D:56,-90
BLE,1657466530951805472,80:47:86:70:AC:85,-94
BLE,1657466530974525526,80:47:86:70:AC:85,-95
BLE,1657466530987232997,D0:03:DF:C9:BE:CF,-80
BLE,1657466530993475737,3B:E1:C5:93:65:D2,-50
BLE,1657466531037650899,F0:3F:B0:47:E5:DB,-91
BLE,1657466531094564558,3B:E1:C5:93:65:D2,-52
BLE,1657466531139025730,35:9A:01:59:70:9E,-90
BLE,1657466531143182559,8C:EA:48:4C:F1:01,-84
BLE,1657466531171415398,D0:03:DF:C9:BE:CF,-80
BLE,1657466531181143998,53:5A:4A:FA:8C:C8,-96
BLE,1657466531289647536,D0:03:DF:C9:BE:CF,-83
BLE,1657466531415196373,3B:E1:C5:93:65:D2,-51
BLE,1657466531445993106,F0:3F:B0:47:E5:DB,-90
BLE,1657466531449860947,D0:03:DF:C9:BE:CF,-84
BLE,1657466531520817029,3B:E1:C5:93:65:D2,-54
BLE,1657466531603501629,D0:03:DF:C9:BE:CF,-84
BLE,1657466531626477684,3B:E1:C5:93:65:D2,-35
BLE,1657466531720339824,53:5A:4A:FA:8C:C8,-83
BLE,1657466531731250376,3B:E1:C5:93:65:D2,-52
BLE,1657466531758481256,D0:03:DF:C9:BE:CF,-83
BLE,1657466531837712998,3B:E1:C5:93:65:D2,-54
BLE,1657466531848952535,F0:3F:B0:47:E5:DB,-91
BLE,1657466531864448898,35:9A:01:59:70:9E,-95
BLE,1657466531878692312,C0:0A:1A:10:3D:56,-90
BLE,1657466531930754171,D0:03:DF:C9:BE:CF,-80
BLE,1657466531994572547,53:5A:4A:FA:8C:C8,-95
BLE,1657466532028671146,80:47:86:70:AC:85,-92
BLE,1657466532040192677,3B:E1:C5:93:65:D2,-52
BLE,1657466532090742623,D0:03:DF:C9:BE:CF,-79
BLE,1657466532140237612,3B:E1:C5:93:65:D2,-50
BLE,1657466532226776095,D0:03:DF:C9:BE:CF,-80
BLE,1657466532249399176,3B:E1:C5:93:65:D2,-52
BLE,1657466532255857914,F0:3F:B0:47:E5:DB,-91
BLE,1657466532269336366,53:5A:4A:FA:8C:C8,-92
BLE,1657466532355175878,3B:E1:C5:93:65:D2,-52
BLE,1657466532362764569,62:98:A5:32:A2:5E,-95
BLE,1657466532394930262,90:DD:5D:B3:CD:3C,-92
BLE,1657466532407400756,35:9A:01:59:70:9E,-96
BLE,1657466532460849584,3B:E1:C5:93:65:D2,-50
BLE,1657466532543131240,53:5A:4A:FA:8C:C8,-91
BLE,1657466532562759442,3B:E1:C5:93:65:D2,-52
BLE,1657466532568939191,D0:03:DF:C9:BE:CF,-83
BLE,1657466532590388320,35:9A:01:59:70:9E,-94
BLE,1657466532666536225,3B:E1:C5:93:65:D2,-52
BLE,1657466532770907984,3B:E1:C5:93:65:D2,-50
BLE,1657466532775398802,35:9A:01:59:70:9E,-101
BLE,1657466532813063271,53:5A:4A:FA:8C:C8,-92
BLE,1657466532878906596,3B:E1:C5:93:65:D2,-52
BLE,1657466532939018153,90:DD:5D:B3:CD:3C,-94
BLE,1657466532957104418,35:9A:01:59:70:9E,-92
BLE,1657466532985176277,3B:E1:C5:93:65:D2,-53
BLE,1657466533011390213,D0:03:DF:C9:BE:CF,-80
BLE,1657466533044782872,80:47:86:70:AC:85,-93
BLE,1657466533075456640,F0:3F:B0:47:E5:DB,-86
BLE,1657466533082341363,53:5A:4A:FA:8C:C8,-92
BLE,1657466533085753226,3B:E1:C5:93:65:D2,-50
BLE,1657466533147035765,8C:EA:48:4C:F1:01,-93
BLE,1657466533147568743,D0:03:DF:C9:BE:CF,-79
BLE,1657466533188329106,3B:E1:C5:93:65:D2,-53
BLE,1657466533208922279,90:DD:5D:B3:CD:3C,-94
BLE,1657466533295279811,3B:E1:C5:93:65:D2,-54
BLE,1657466533328095493,35:9A:01:59:70:9E,-97
BLE,1657466533330710388,D0:03:DF:C9:BE:CF,-80
BLE,1657466533396453747,62:98:A5:32:A2:5E,-95
BLE,1657466533460505175,D0:03:DF:C9:BE:CF,-80
BLE,1657466533478937435,90:DD:5D:B3:CD:3C,-92
BLE,1657466533483475252,F0:3F:B0:47:E5:DB,-82
BLE,1657466533507631282,3B:E1:C5:93:65:D2,-52
BLE,1657466533610524150,D0:03:DF:C9:BE:CF,-86
BLE,1657466533613303038,3B:E1:C5:93:65:D2,-53
BLE,1657466533649791572,62:98:A5:32:A2:5E,-91
BLE,1657466533690626932,35:9A:01:59:70:9E,-94
BLE,1657466533750206539,90:DD:5D:B3:CD:3C,-92
BLE,1657466533764085982,D0:03:DF:C9:BE:CF,-84
BLE,1657466533805482319,C0:0A:1A:10:3D:56,-86
BLE,1657466533823174609,3B:E1:C5:93:65:D2,-52
BLE,1657466533890229916,F0:3F:B0:47:E5:DB,-82
BLE,1657466533921599656,D0:03:DF:C9:BE:CF,-83
BLE,1657466533927703411,3B:E1:C5:93:65:D2,-52
BLE,1657466534025506483,90:DD:5D:B3:CD:3C,-84
BLE,1657466534030111300,3B:E1:C5:93:65:D2,-51
BLE,1657466534090695894,D0:03:DF:C9:BE:CF,-81
BLE,1657466534135152129,3B:E1:C5:93:65:D2,-52
BLE,1657466534173821594,53:5A:4A:FA:8C:C8,-86
BLE,1657466534229239393,D0:03:DF:C9:BE:CF,-80
BLE,1657466534237779054,35:9A:01:59:70:9E,-97
BLE,1657466534242821854,3B:E1:C5:93:65:D2,-52
BLE,1657466534289568998,F0:3F:B0:47:E5:DB,-87
BLE,1657466534348318665,3B:E1:C5:93:65:D2,-50
BLE,1657466534410817184,D0:03:DF:C9:BE:CF,-65
BLE,1657466534414009057,62:98:A5:32:A2:5E,-90
BLE,1657466534444475847,53:5A:4A:FA:8C:C8,-95
BLE,1657466534539739065,8C:EA:48:4C:F1:01,-84
BLE,1657466534604998474,35:9A:01:59:70:9E,-82
BLE,1657466534663339157,3B:E1:C5:93:65:D2,-51
BLE,1657466534695132895,F0:3F:B0:47:E5:DB,-74
BLE,1657466534713778155,53:5A:4A:FA:8C:C8,-95
BLE,1657466534729537529,D0:03:DF:C9:BE:CF,-83
BLE,1657466534768859967,3B:E1:C5:93:65:D2,-52
BLE,1657466534789971129,35:9A:01:59:70:9E,-97
BLE,1657466534850481727,D0:03:DF:C9:BE:CF,-85
BLE,1657466534870842918,3B:E1:C5:93:65:D2,-54
BLE,1657466534924734778,62:98:A5:32:A2:5E,-97
BLE,1657466534985120381,53:5A:4A:FA:8C:C8,-88
BLE,1657466535005771561,D0:03:DF:C9:BE:CF,-84
BLE,1657466535081304562,3B:E1:C5:93:65:D2,-52
BLE,1657466535098428890,F0:3F:B0:47:E5:DB,-86
BLE,1657466535165184269,D0:03:DF:C9:BE:CF,-84
BLE,1657466535182804577,3B:E1:C5:93:65:D2,-51
BLE,1657466535259744556,53:5A:4A:FA:8C:C8,-92
BLE,1657466535290937332,3B:E1:C5:93:65:D2,-52
BLE,1657466535317849275,D0:03:DF:C9:BE:CF,-83
BLE,1657466535340893370,35:9A:01:59:70:9E,-87
BLE,1657466535399394073,3B:E1:C5:93:65:D2,-54
BLE,1657466535425863034,80:47:86:70:AC:85,-94
BLE,1657466535448929128,62:98:A5:32:A2:5E,-90
BLE,1657466535490814484,D0:03:DF:C9:BE:CF,-80
BLE,1657466535500798092,3B:E1:C5:93:65:D2,-37
BLE,1657466535508968771,F0:3F:B0:47:E5:DB,-83
BLE,1657466535524993142,35:9A:01:59:70:9E,-95
BLE,1657466535532400851,53:5A:4A:FA:8C:C8,-92
BLE,1657466535608273872,3B:E1:C5:93:65:D2,-51
BLE,1657466535658208912,90:DD:5D:B3:CD:3C,-93
BLE,1657466535699645285,62:98:A5:32:A2:5E,-91
BLE,1657466535710635853,3B:E1:C5:93:65:D2,-36
BLE,1657466535737956780,C0:0A:1A:10:3D:56,-87
BLE,1657466535745766474,80:47:86:70:AC:85,-85
BLE,1657466535765745689,80:47:86:70:AC:85,-94
BLE,1657466535805269138,53:5A:4A:FA:8C:C8,-92
BLE,1657466535808863996,D0:03:DF:C9:BE:CF,-84
BLE,1657466535811368898,3B:E1:C5:93:65:D2,-49
BLE,1657466535891194764,35:9A:01:59:70:9E,-94
BLE,1657466535915645804,3B:E1:C5:93:65:D2,-53
BLE,1657466535918003711,F0:3F:B0:47:E5:DB,-82
BLE,1657466535935959006,8C:EA:48:4C:F1:01,-95
BLE,1657466535960668036,62:98:A5:32:A2:5E,-94
BLE,1657466535969494690,D0:03:DF:C9:BE:CF,-83
BLE,1657466536022092625,3B:E1:C5:93:65:D2,-53
BLE,1657466536073141643,35:9A:01:59:70:9E,-96
BLE,1657466536089700000,D0:03:DF:C9:BE:CF,-83
BLE,1657466536094677806,8C:EA:48:4C:F1:01,-97
BLE,1657466536138084121,80:9F:9B:86:84:DE,-97
BLE,1657466536235143351,3B:E1:C5:93:65:D2,-36
BLE,1657466536252682670,8C:EA:48:4C:F1:01,-95
BLE,1657466536254646594,35:9A:01:59:70:9E,-97
BLE,1657466536322067976,F0:3F:B0:47:E5:DB,-81
BLE,1657466536340003279,3B:E1:C5:93:65:D2,-53
BLE,1657466536411279512,D0:03:DF:C9:BE:CF,-80
BLE,1657466536454680826,3B:E1:C5:93:65:D2,-52
BLE,1657466536483765697,62:98:A5:32:A2:5E,-90
BLE,1657466536649820248,3B:E1:C5:93:65:D2,-53
BLE,1657466536705130100,C0:0A:1A:10:3D:56,-79
BLE,1657466536723715379,F0:3F:B0:47:E5:DB,-82
BLE,1657466536750578336,3B:E1:C5:93:65:D2,-52
BLE,1657466536855387266,3B:E1:C5:93:65:D2,-54
BLE,1657466536867580792,D0:03:DF:C9:BE:CF,-83
BLE,1657466536962357112,3B:E1:C5:93:65:D2,-54
BLE,1657466536988318103,35:9A:01:59:70:9E,-94
BLE,1657466537005501436,62:98:A5:32:A2:5E,-92
BLE,1657466537048678760,D0:03:DF:C9:BE:CF,-83
BLE,1657466537066989056,3B:E1:C5:93:65:D2,-51
BLE,1657466537086381311,F9:EE:48:02:37:33,-93
BLE,1657466537115534191,80:47:86:70:AC:85,-94
BLE,1657466537130677609,F0:3F:B0:47:E5:DB,-82
BLE,1657466537139214282,80:47:86:70:AC:85,-94
BLE,1657466537166414237,53:5A:4A:FA:8C:C8,-95
BLE,1657466537168495157,3B:E1:C5:93:65:D2,-54
BLE,1657466537209608577,D0:03:DF:C9:BE:CF,-85
BLE,1657466537273326129,3B:E1:C5:93:65:D2,-51
BLE,1657466537345763347,D0:03:DF:C9:BE:CF,-74
BLE,1657466537357074912,35:9A:01:59:70:9E,-94
BLE,1657466537378727080,3B:E1:C5:93:65:D2,-52
BLE,1657466537483265064,3B:E1:C5:93:65:D2,-53
BLE,1657466537520114648,62:98:A5:32:A2:5E,-80
BLE,1657466537530310257,D0:03:DF:C9:BE:CF,-85
BLE,1657466537537578978,F0:3F:B0:47:E5:DB,-72
BLE,1657466537670171884,C0:0A:1A:10:3D:56,-88
BLE,1657466537693835975,3B:E1:C5:93:65:D2,-51
BLE,1657466537710371339,53:5A:4A:FA:8C:C8,-94
BLE,1657466537794515107,3B:E1:C5:93:65:D2,-53
BLE,1657466537798157967,D0:03:DF:C9:BE:CF,-85
BLE,1657466537835966514,80:47:86:70:AC:85,-95
BLE,1657466537837640450,90:DD:5D:B3:CD:3C,-95
BLE,1657466537897576147,3B:E1:C5:93:65:D2,-49
BLE,1657466537905665837,35:9A:01:59:70:9E,-88
BLE,1657466537944574342,F0:3F:B0:47:E5:DB,-90
BLE,1657466537969497384,D0:03:DF:C9:BE:CF,-82
BLE,1657466538002694109,3B:E1:C5:93:65:D2,-52
BLE,1657466538030264051,62:98:A5:32:A2:5E,-83
BLE,1657466538090542759,35:9A:01:59:70:9E,-92
BLE,1657466538107652109,3B:E1:C5:93:65:D2,-50
BLE,1657466538110514000,90:DD:5D:B3:CD:3C,-84
BLE,1657466538120852607,8C:EA:48:4C:F1:01,-98
BLE,1657466538171492682,80:47:86:70:AC:85,-85
BLE,1657466538179977359,80:9F:9B:86:84:DE,-92
BLE,1657466538210115214,3B:E1:C5:93:65:D2,-50
BLE,1657466538255246498,53:5A:4A:FA:8C:C8,-82
BLE,1657466538289789185,D0:03:DF:C9:BE:CF,-71
BLE,1657466538311999341,3B:E1:C5:93:65:D2,-53
BLE,1657466538384335591,90:DD:5D:B3:CD:3C,-92
BLE,1657466538411367563,D0:03:DF:C9:BE:CF,-81
BLE,1657466538413301490,3B:E1:C5:93:65:D2,-49
BLE,1657466538457213820,35:9A:01:59:70:9E,-94
BLE,1657466538525511224,53:5A:4A:FA:8C:C8,-92
BLE,1657466538555475085,62:98:A5:32:A2:5E,-90
BLE,1657466538562641813,D0:03:DF:C9:BE:CF,-84
BLE,1657466538627542346,3B:E1:C5:93:65:D2,-53
BLE,1657466538635352049,C0:0A:1A:10:3D:56,-89
BLE,1657466538730749422,D0:03:DF:C9:BE:CF,-80
BLE,1657466538733974300,3B:E1:C5:93:65:D2,-52
BLE,1657466538757858392,F0:3F:B0:47:E5:DB,-89
BLE,1657466538823744887,35:9A:01:59:70:9E,-98
BLE,1657466538839458290,3B:E1:C5:93:65:D2,-52
BLE,1657466538946885206,3B:E1:C5:93:65:D2,-51
BLE,1657466539027761138,D0:03:DF:C9:BE:CF,-82
BLE,1657466539049020338,3B:E1:C5:93:65:D2,-74
BLE,1657466539074388383,62:98:A5:32:A2:5E,-92
BLE,1657466539149437560,3B:E1:C5:93:65:D2,-37
BLE,1657466539208827325,D0:03:DF:C9:BE:CF,-83
BLE,1657466539258861443,3B:E1:C5:93:65:D2,-52
BLE,1657466539359447658,3B:E1:C5:93:65:D2,-51
BLE,1657466539369768270,D0:03:DF:C9:BE:CF,-84
BLE,1657466539460012875,3B:E1:C5:93:65:D2,-52
BLE,1657466539530398227,D0:03:DF:C9:BE:CF,-83
BLE,1657466539554044337,35:9A:01:59:70:9E,-93
BLE,1657466539564639938,3B:E1:C5:93:65:D2,-35
BLE,1657466539590548963,62:98:A5:32:A2:5E,-90
BLE,1657466539596560737,C0:0A:1A:10:3D:56,-92
BLE,1657466539651315677,D0:03:DF:C9:BE:CF,-80
BLE,1657466539675034785,3B:E1:C5:93:65:D2,-50
BLE,1657466539740863308,35:9A:01:59:70:9E,-95
BLE,1657466539780684810,3B:E1:C5:93:65:D2,-39
BLE,1657466539809412729,D0:03:DF:C9:BE:CF,-80
BLE,1657466539862315739,80:47:86:70:AC:85,-84
BLE,1657466539885756857,3B:E1:C5:93:65:D2,-50
BLE,1657466539922730466,35:9A:01:59:70:9E,-95
BLE,1657466539964792883,D0:03:DF:C9:BE:CF,-80
BLE,1657466539971552629,F0:3F:B0:47:E5:DB,-90
BLE,1657466539990023934,3B:E1:C5:93:65:D2,-76
BLE,1657466540098852863,3B:E1:C5:93:65:D2,-49
BLE,1657466540119775084,D0:03:DF:C9:BE:CF,-80
BLE,1657466540166962327,53:5A:4A:FA:8C:C8,-88
BLE,1657466540200124092,3B:E1:C5:93:65:D2,-50
BLE,1657466540278947156,8C:EA:48:4C:F1:01,-84
BLE,1657466540288771790,D0:03:DF:C9:BE:CF,-84
BLE,1657466540301331322,3B:E1:C5:93:65:D2,-50
BLE,1657466540410057272,3B:E1:C5:93:65:D2,-54
BLE,1657466540427577620,D0:03:DF:C9:BE:CF,-69
BLE,1657466540512128471,3B:E1:C5:93:65:D2,-50
BLE,1657466540610445809,D0:03:DF:C9:BE:CF,-83
BLE,1657466540618167521,3B:E1:C5:93:65:D2,-50
BLE,1657466540659560980,35:9A:01:59:70:9E,-94
BLE,1657466540722721627,3B:E1:C5:93:65:D2,-52
BLE,1657466540737693070,D0:03:DF:C9:BE:CF,-84
BLE,1657466540836281398,90:DD:5D:B3:CD:3C,-91
BLE,1657466540840763231,35:9A:01:59:70:9E,-85
BLE,1657466540890725370,D0:03:DF:C9:BE:CF,-80
BLE,1657466540916907395,80:47:86:70:AC:85,-93
BLE,1657466540927475001,3B:E1:C5:93:65:D2,-53
BLE,1657466541024421395,35:9A:01:59:70:9E,-95
BLE,1657466541028056261,3B:E1:C5:93:65:D2,-36
BLE,1657466541044770644,D0:03:DF:C9:BE:CF,-81
BLE,1657466541135100313,3B:E1:C5:93:65:D2,-51
BLE,1657466541179170688,F0:3F:B0:47:E5:DB,-82
BLE,1657466541242747343,3B:E1:C5:93:65:D2,-67
BLE,1657466541347654474,3B:E1:C5:93:65:D2,-50
BLE,1657466541352618291,D0:03:DF:C9:BE:CF,-84
BLE,1657466541403407418,62:98:A5:32:A2:5E,-91
BLE,1657466541451960627,3B:E1:C5:93:65:D2,-51
BLE,1657466541527686835,C0:0A:1A:10:3D:56,-84
BLE,1657466541529635763,D0:03:DF:C9:BE:CF,-73
BLE,1657466541560587621,3B:E1:C5:93:65:D2,-51
BLE,1657466541646555451,90:DD:5D:B3:CD:3C,-93
BLE,1657466541654962141,62:98:A5:32:A2:5E,-91
BLE,1657466541661459901,D0:03:DF:C9:BE:CF,-75
BLE,1657466541667547677,3B:E1:C5:93:65:D2,-52
BLE,1657466541774329739,3B:E1:C5:93:65:D2,-50
BLE,1657466541850102944,D0:03:DF:C9:BE:CF,-83
BLE,1657466541883885698,3B:E1:C5:93:65:D2,-50
BLE,1657466541917027476,90:DD:5D:B3:CD:3C,-91
BLE,1657466541943173512,35:9A:01:59:70:9E,-96
BLE,1657466541980069151,F0:3F:B0:47:E5:DB,-86
BLE,1657466541984331994,3B:E1:C5:93:65:D2,-52
BLE,1657466542088068192,3B:E1:C5:93:65:D2,-50
BLE,1657466542126242797,8C:EA:48:4C:F1:01,-95
BLE,1657466542192538376,3B:E1:C5:93:65:D2,-35
BLE,1657466542262574818,80:9F:9B:86:84:DE,-99
BLE,1657466542385018346,F0:3F:B0:47:E5:DB,-86
BLE,1657466542464823431,90:DD:5D:B3:CD:3C,-96
BLE,1657466542491219467,C0:0A:1A:10:3D:56,-86
BLE,1657466542501164104,3B:E1:C5:93:65:D2,-39
BLE,1657466542678274635,35:9A:01:59:70:9E,-93
BLE,1657466542705015658,3B:E1:C5:93:65:D2,-52
BLE,1657466542734430584,8C:EA:48:4C:F1:01,-93
BLE,1657466542769747294,D0:03:DF:C9:BE:CF,-84
BLE,1657466542786179694,F0:3F:B0:47:E5:DB,-89
BLE,1657466542862024924,35:9A:01:59:70:9E,-93
BLE,1657466542887618989,8C:EA:48:4C:F1:01,-85
BLE,1657466542911277125,3B:E1:C5:93:65:D2,-52
BLE,1657466542915192982,D0:03:DF:C9:BE:CF,-80
BLE,1657466542955944493,62:98:A5:32:A2:5E,-80
BLE,1657466542966809096,80:47:86:70:AC:85,-94
BLE,1657466543020084151,3B:E1:C5:93:65:D2,-52
BLE,1657466543090730595,D0:03:DF:C9:BE:CF,-80
BLE,1657466543122629441,3B:E1:C5:93:65:D2,-50
BLE,1657466543190868972,F0:3F:B0:47:E5:DB,-91
BLE,1657466543228107625,35:9A:01:59:70:9E,-98
BLE,1657466543230217548,D0:03:DF:C9:BE:CF,-81
BLE,1657466543232777456,3B:E1:C5:93:65:D2,-35
BLE,1657466543336868690,3B:E1:C5:93:65:D2,-52
BLE,1657466543410735017,D0:03:DF:C9:BE:CF,-80
BLE,1657466543455476398,3B:E1:C5:93:65:D2,-52
BLE,1657466543458873275,C0:0A:1A:10:3D:56,-84
BLE,1657466543652250279,3B:E1:C5:93:65:D2,-51
BLE,1657466543698208616,53:5A:4A:FA:8C:C8,-82
BLE,1657466543755399547,3B:E1:C5:93:65:D2,-51
BLE,1657466543845488288,D0:03:DF:C9:BE:CF,-85
BLE,1657466543960408130,35:9A:01:59:70:9E,-92
BLE,1657466543969362806,53:5A:4A:FA:8C:C8,-87
BLE,1657466543993993915,F0:3F:B0:47:E5:DB,-82
BLE,1657466544009880340,D0:03:DF:C9:BE:CF,-84
BLE,1657466544068634231,3B:E1:C5:93:65:D2,-74
BLE,1657466544101771043,90:DD:5D:B3:CD:3C,-94
BLE,1657466544144147524,35:9A:01:59:70:9E,-95
BLE,1657466544149536331,D0:03:DF:C9:BE:CF,-67
BLE,1657466544237882164,62:98:A5:32:A2:5E,-92
BLE,1657466544287289393,3B:E1:C5:93:65:D2,-52
BLE,1657466544327314958,35:9A:01:59:70:9E,-96
BLE,1657466544330477844,D0:03:DF:C9:BE:CF,-81
BLE,1657466544392548619,3B:E1:C5:93:65:D2,-54
BLE,1657466544395053530,F0:3F:B0:47:E5:DB,-82
BLE,1657466544421407585,C0:0A:1A:10:3D:56,-89
BLE,1657466544495082944,3B:E1:C5:93:65:D2,-50
BLE,1657466544507948483,35:9A:01:59:70:9E,-98
BLE,1657466544510236401,53:5A:4A:FA:8C:C8,-95
BLE,1657466544608552876,D0:03:DF:C9:BE:CF,-85
BLE,1657466544646962499,90:DD:5D:B3:CD:3C,-96
BLE,1657466544706223375,3B:E1:C5:93:65:D2,-52
BLE,1657466544763916307,D0:03:DF:C9:BE:CF,-84
BLE,1657466544781577674,53:5A:4A:FA:8C:C8,-94
BLE,1657466544796294146,F0:3F:B0:47:E5:DB,-87
BLE,1657466544807124758,3B:E1:C5:93:65:D2,-50
BLE,1657466544871241460,35:9A:01:59:70:9E,-97
BLE,1657466544908880110,3B:E1:C5:93:65:D2,-39
BLE,1657466544917618797,90:DD:5D:B3:CD:3C,-94
BLE,1657466544930300342,D0:03:DF:C9:BE:CF,-82
BLE,1657466545005572644,62:98:A5:32:A2:5E,-92
BLE,1657466545013950344,3B:E1:C5:93:65:D2,-50
BLE,1657466545036294551,80:47:86:70:AC:85,-93
BLE,1657466545051525010,53:5A:4A:FA:8C:C8,-85
BLE,1657466545094369488,F9:EE:48:02:37:33,-94
BLE,1657466545114894758,3B:E1:C5:93:65:D2,-36
BLE,1657466545204108589,F0:3F:B0:47:E5:DB,-82
BLE,1657466545221850959,3B:E1:C5:93:65:D2,-54
BLE,1657466545321398422,80:9F:9B:86:84:DE,-98
BLE,1657466545325029293,3B:E1:C5:93:65:D2,-50
BLE,1657466545388854026,C0:0A:1A:10:3D:56,-90
BLE,1657466545428243627,3B:E1:C5:93:65:D2,-52
BLE,1657466545543449534,8C:EA:48:4C:F1:01,-96
BLE,1657466545606044310,35:9A:01:59:70:9E,-93
BLE,1657466545736601672,90:DD:5D:B3:CD:3C,-91
BLE,1657466545741674492,3B:E1:C5:93:65:D2,-38
BLE,1657466545790944742,62:98:A5:32:A2:5E,-90
BLE,1657466545792803676,35:9A:01:59:70:9E,-85
BLE,1657466545850999609,3B:E1:C5:93:65:D2,-54
BLE,1657466545879525595,D0:03:DF:C9:BE:CF,-80
BLE,1657466545956952845,3B:E1:C5:93:65:D2,-50
BLE,1657466546008506013,90:DD:5D:B3:CD:3C,-82
BLE,1657466546009943963,D0:03:DF:C9:BE:CF,-83
BLE,1657466546014879789,F0:3F:B0:47:E5:DB,-83
BLE,1657466546061638143,3B:E1:C5:93:65:D2,-52
BLE,1657466546067983919,80:47:86:70:AC:85,-86
BLE,1657466546164646515,D0:03:DF:C9:BE:CF,-84
BLE,1657466546168454381,3B:E1:C5:93:65:D2,-52
BLE,1657466546274749638,3B:E1:C5:93:65:D2,-49
BLE,1657466546356402763,C0:0A:1A:10:3D:56,-89
BLE,1657466546417666606,F0:3F:B0:47:E5:DB,-87
BLE,1657466546464949941,8C:EA:48:4C:F1:01,-84
BLE,1657466546468414819,D0:03:DF:C9:BE:CF,-70
BLE,1657466546489868064,3B:E1:C5:93:65:D2,-52
BLE,1657466546559418615,62:98:A5:32:A2:5E,-91
BLE,1657466546700678641,3B:E1:C5:93:65:D2,-50
BLE,1657466546742011185,80:47:86:70:AC:85,-96
BLE,1657466546806727906,3B:E1:C5:93:65:D2,-52
BLE,1657466546820401425,F0:3F:B0:47:E5:DB,-86
BLE,1657466546892500886,35:9A:01:59:70:9E,-85
BLE,1657466546916259050,3B:E1:C5:93:65:D2,-52
BLE,1657466546930439550,D0:03:DF:C9:BE:CF,-84
BLE,1657466547014646585,3B:E1:C5:93:65:D2,-50
BLE,1657466547075470462,35:9A:01:59:70:9E,-95
BLE,1657466547090296945,D0:03:DF:C9:BE:CF,-83
BLE,1657466547122641815,3B:E1:C5:93:65:D2,-36
BLE,1657466547192525376,7C:2E:BD:1A:5C:CE,-94
BLE,1657466547230487051,F0:3F:B0:47:E5:DB,-82
BLE,1657466547250148364,D0:03:DF:C9:BE:CF,-83
BLE,1657466547323261812,C0:0A:1A:10:3D:56,-89
BLE,1657466547396780245,80:47:86:70:AC:85,-94
BLE,1657466547445312551,35:9A:01:59:70:9E,-84
BLE,1657466547500347630,53:5A:4A:FA:8C:C8,-96
BLE,1657466547532625503,3B:E1:C5:93:65:D2,-50
BLE,1657466547571154158,D0:03:DF:C9:BE:CF,-81
BLE,1657466547637976825,3B:E1:C5:93:65:D2,-51
BLE,1657466547707509398,D0:03:DF:C9:BE:CF,-67
BLE,1657466547736787376,3B:E1:C5:93:65:D2,-51
BLE,1657466547773854082,53:5A:4A:FA:8C:C8,-94
BLE,1657466547842340691,62:98:A5:32:A2:5E,-92
BLE,1657466547947348026,3B:E1:C5:93:65:D2,-67
BLE,1657466547999602201,35:9A:01:59:70:9E,-96
BLE,1657466548041874734,F0:3F:B0:47:E5:DB,-82
BLE,1657466548154094850,3B:E1:C5:93:65:D2,-52
BLE,1657466548156628762,8C:EA:48:4C:F1:01,-86
BLE,1657466548169603313,D0:03:DF:C9:BE:CF,-84
BLE,1657466548257988253,3B:E1:C5:93:65:D2,-53
BLE,1657466548285454303,C0:0A:1A:10:3D:56,-93
BLE,1657466548326541880,D0:03:DF:C9:BE:CF,-84
BLE,1657466548358648769,3B:E1:C5:93:65:D2,-52
BLE,1657466548491007187,D0:03:DF:C9:BE:CF,-81
BLE,1657466548627925448,62:98:A5:32:A2:5E,-89
BLE,1657466548632588286,D0:03:DF:C9:BE:CF,-75
BLE,1657466548678044713,3B:E1:C5:93:65:D2,-50
BLE,1657466548733712786,90:DD:5D:B3:CD:3C,-93
BLE,1657466548782535096,3B:E1:C5:93:65:D2,-36
BLE,1657466548849711770,F0:3F:B0:47:E5:DB,-82
BLE,1657466548881327676,3B:E1:C5:93:65:D2,-50
BLE,1657466548983109153,3B:E1:C5:93:65:D2,-54
BLE,1657466549004651407,90:DD:5D:B3:CD:3C,-83
BLE,1657466549092553387,3B:E1:C5:93:65:D2,-38
BLE,1657466549129020135,D0:03:DF:C9:BE:CF,-84
BLE,1657466549144146616,62:98:A5:32:A2:5E,-90
BLE,1657466549198021766,3B:E1:C5:93:65:D2,-50
BLE,1657466549249224008,C0:0A:1A:10:3D:56,-93
BLE,1657466549252305903,D0:03:DF:C9:BE:CF,-84
BLE,1657466549258779680,F0:3F:B0:47:E5:DB,-83
BLE,1657466549299407286,3B:E1:C5:93:65:D2,-52
BLE,1657466549469046462,35:9A:01:59:70:9E,-96
BLE,1657466549558217400,D0:03:DF:C9:BE:CF,-84
BLE,1657466549609313646,3B:E1:C5:93:65:D2,-52
BLE,1657466549660646884,F0:3F:B0:47:E5:DB,-71
BLE,1657466549714554033,3B:E1:C5:93:65:D2,-35
BLE,1657466549730458487,D0:03:DF:C9:BE:CF,-80
BLE,1657466549819850418,3B:E1:C5:93:65:D2,-52
BLE,1657466549836706839,35:9A:01:59:70:9E,-97
BLE,1657466549911884258,62:98:A5:32:A2:5E,-90
BLE,1657466549924908811,3B:E1:C5:93:65:D2,-38
BLE,1657466550019070579,35:9A:01:59:70:9E,-86
BLE,1657466550030028205,7C:2E:BD:1A:5C:CE,-95
BLE,1657466550060190178,F0:3F:B0:47:E5:DB,-87
BLE,1657466550091040128,90:DD:5D:B3:CD:3C,-93
BLE,1657466550133151693,3B:E1:C5:93:65:D2,-52
BLE,1657466550182754004,D0:03:DF:C9:BE:CF,-66
BLE,1657466550200236409,35:9A:01:59:70:9E,-98
BLE,1657466550209830082,C0:0A:1A:10:3D:56,-84
BLE,1657466550233368280,3B:E1:C5:93:65:D2,-50
BLE,1657466550343288537,3B:E1:C5:93:65:D2,-50
BLE,1657466550383957152,35:9A:01:59:70:9E,-97
BLE,1657466550427569667,62:98:A5:32:A2:5E,-79
BLE,1657466550450466887,3B:E1:C5:93:65:D2,-52
BLE,1657466550469931224,F0:3F:B0:47:E5:DB,-82
BLE,1657466550529818184,D0:03:DF:C9:BE:CF,-70
BLE,1657466550550787470,7C:2E:BD:1A:5C:CE,-84
BLE,1657466550555540308,3B:E1:C5:93:65:D2,-52
BLE,1657466550660881721,3B:E1:C5:93:65:D2,-50
BLE,1657466550690465713,D0:03:DF:C9:BE:CF,-84
BLE,1657466550763591223,3B:E1:C5:93:65:D2,-52
BLE,1657466550812014574,D0:03:DF:C9:BE:CF,-81
BLE,1657466550865710745,3B:E1:C5:93:65:D2,-50
BLE,1657466550876594374,F0:3F:B0:47:E5:DB,-72
BLE,1657466550943002113,62:98:A5:32:A2:5E,-92
BLE,1657466550973781065,3B:E1:C5:93:65:D2,-50
BLE,1657466551098839826,F9:EE:48:02:37:33,-95
BLE,1657466551101644731,8C:EA:48:4C:F1:01,-97
BLE,1657466551121487061,35:9A:01:59:70:9E,-94
BLE,1657466551123517992,D0:03:DF:C9:BE:CF,-81
BLE,1657466551152508013,80:47:86:70:AC:85,-94
BLE,1657466551184916917,3B:E1:C5:93:65:D2,-52
BLE,1657466551284785543,F0:3F:B0:47:E5:DB,-72
BLE,1657466551288459419,D0:03:DF:C9:BE:CF,-84
BLE,1657466551295023197,3B:E1:C5:93:65:D2,-37
BLE,1657466551400853621,3B:E1:C5:93:65:D2,-50
BLE,1657466551432955536,D0:03:DF:C9:BE:CF,-71
BLE,1657466551464046486,62:98:A5:32:A2:5E,-79
BLE,1657466551513760806,80:47:86:70:AC:85,-94
BLE,1657466551573578785,53:5A:4A:FA:8C:C8,-95
BLE,1657466551602592804,3B:E1:C5:93:65:D2,-50
BLE,1657466551610155549,D0:03:DF:C9:BE:CF,-86
BLE,1657466551709972176,3B:E1:C5:93:65:D2,-52
BLE,1657466551721789777,90:DD:5D:B3:CD:3C,-94
BLE,1657466551769621161,D0:03:DF:C9:BE:CF,-85
BLE,1657466551841852720,7C:2E:BD:1A:5C:CE,-97
BLE,1657466551898845794,D0:03:DF:C9:BE:CF,-70
BLE,1657466551914244274,3B:E1:C5:93:65:D2,-51
BLE,1657466551991778654,90:DD:5D:B3:CD:3C,-94
BLE,1657466552022430621,3B:E1:C5:93:65:D2,-75
BLE,1657466552037768107,35:9A:01:59:70:9E,-93
BLE,1657466552091203315,D0:03:DF:C9:BE:CF,-81
BLE,1657466552117448435,53:5A:4A:FA:8C:C8,-93
BLE,1657466552122077280,3B:E1:C5:93:65:D2,-49
BLE,1657466552137929748,C0:0A:1A:10:3D:56,-89
BLE,1657466552226693772,3B:E1:C5:93:65:D2,-35
BLE,1657466552262548569,90:DD:5D:B3:CD:3C,-82
BLE,1657466552334997140,3B:E1:C5:93:65:D2,-52
BLE,1657466552349662648,7C:2E:BD:1A:5C:CE,-93
BLE,1657466552387385383,53:5A:4A:FA:8C:C8,-93
BLE,1657466552438774660,3B:E1:C5:93:65:D2,-51
BLE,1657466552502810513,F0:3F:B0:47:E5:DB,-89
BLE,1657466552528381656,D0:03:DF:C9:BE:CF,-75
BLE,1657466552547426017,3B:E1:C5:93:65:D2,-50
BLE,1657466552590225582,35:9A:01:59:70:9E,-95
BLE,1657466552655603390,3B:E1:C5:93:65:D2,-34
BLE,1657466552671564855,D0:03:DF:C9:BE:CF,-86
BLE,1657466552822107807,D0:03:DF:C9:BE:CF,-82
BLE,1657466552911643804,F0:3F:B0:47:E5:DB,-90
BLE,1657466552971661792,3B:E1:C5:93:65:D2,-51
BLE,1657466552980046511,D0:03:DF:C9:BE:CF,-74
BLE,1657466553079272188,3B:E1:C5:93:65:D2,-52
BLE,1657466553084851002,90:DD:5D:B3:CD:3C,-98
BLE,1657466553102464416,C0:0A:1A:10:3D:56,-78
BLE,1657466553171126131,D0:03:DF:C9:BE:CF,-81
BLE,1657466553182689746,3B:E1:C5:93:65:D2,-51
BLE,1657466553199112200,80:47:86:70:AC:85,-96
BLE,1657466553283140403,3B:E1:C5:93:65:D2,-51
BLE,1657466553354866016,90:DD:5D:B3:CD:3C,-97
BLE,1657466553387620926,3B:E1:C5:93:65:D2,-52
BLE,1657466553436605296,D0:03:DF:C9:BE:CF,-83
BLE,1657466553493755394,3B:E1:C5:93:65:D2,-51
BLE,1657466553499609199,35:9A:01:59:70:9E,-92
BLE,1657466553608484575,D0:03:DF:C9:BE:CF,-83
BLE,1657466553625241018,90:DD:5D:B3:CD:3C,-84
BLE,1657466553728145593,F0:3F:B0:47:E5:DB,-85
BLE,1657466553745118028,D0:03:DF:C9:BE:CF,-73
BLE,1657466553798968236,62:98:A5:32:A2:5E,-80
BLE,1657466553811857807,3B:E1:C5:93:65:D2,-52
BLE,1657466553868500922,8C:EA:48:4C:F1:01,-98
BLE,1657466553874109735,80:47:86:70:AC:85,-93
BLE,1657466553914370395,3B:E1:C5:93:65:D2,-52
BLE,1657466553930154870,D0:03:DF:C9:BE:CF,-85
BLE,1657466554014415066,3B:E1:C5:93:65:D2,-51
BLE,1657466554052680802,35:9A:01:59:70:9E,-96
BLE,1657466554063475445,D0:03:DF:C9:BE:CF,-71
BLE,1657466554071725172,C0:0A:1A:10:3D:56,-91
BLE,1657466554127143341,F0:3F:B0:47:E5:DB,-90
BLE,1657466554213013504,80:47:86:70:AC:85,-85
BLE,1657466554226846047,3B:E1:C5:93:65:D2,-53
BLE,1657466554251111246,D0:03:DF:C9:BE:CF,-81
BLE,1657466554297161724,53:5A:4A:FA:8C:C8,-94
BLE,1657466554321570918,8C:EA:48:4C:F1:01,-96
BLE,1657466554333662518,3B:E1:C5:93:65:D2,-54
BLE,1657466554371320274,D0:03:DF:C9:BE:CF,-83
BLE,1657466554437034103,3B:E1:C5:93:65:D2,-36
BLE,1657466554479068714,8C:EA:48:4C:F1:01,-97
BLE,1657466554513296584,80:9F:9B:86:84:DE,-91
BLE,1657466554529093062,D0:03:DF:C9:BE:CF,-71
BLE,1657466554539922704,3B:E1:C5:93:65:D2,-52
BLE,1657466554554785213,80:47:86:70:AC:85,-95
BLE,1657466554569724719,53:5A:4A:FA:8C:C8,-83
BLE,1657466554604631566,35:9A:01:59:70:9E,-82
BLE,1657466554637166491,8C:EA:48:4C:F1:01,-86
BLE,1657466554645688210,3B:E1:C5:93:65:D2,-50
BLE,1657466554677042174,D0:03:DF:C9:BE:CF,-68
BLE,1657466554749196790,3B:E1:C5:93:65:D2,-51
BLE,1657466554788717484,35:9A:01:59:70:9E,-95
BLE,1657466554835077952,62:98:A5:32:A2:5E,-92
BLE,1657466554840327779,53:5A:4A:FA:8C:C8,-94
BLE,1657466554951680100,3B:E1:C5:93:65:D2,-34
BLE,1657466554984079030,90:DD:5D:B3:CD:3C,-96
BLE,1657466555034181375,C0:0A:1A:10:3D:56,-92
BLE,1657466555061188489,3B:E1:C5:93:65:D2,-51
BLE,1657466555154298434,35:9A:01:59:70:9E,-96
BLE,1657466555164848088,3B:E1:C5:93:65:D2,-52
BLE,1657466555169472936,D0:03:DF:C9:BE:CF,-84
BLE,1657466555266700747,3B:E1:C5:93:65:D2,-51
BLE,1657466555348907050,F0:3F:B0:47:E5:DB,-85
BLE,1657466555353887887,62:98:A5:32:A2:5E,-90
BLE,1657466555442048995,D0:03:DF:C9:BE:CF,-80
BLE,1657466555518672481,35:9A:01:59:70:9E,-94
BLE,1657466555579962471,3B:E1:C5:93:65:D2,-51
BLE,1657466555609099515,D0:03:DF:C9:BE:CF,-84
BLE,1657466555683623071,3B:E1:C5:93:65:D2,-37
BLE,1657466555758142626,F0:3F:B0:47:E5:DB,-83
BLE,1657466555769056268,D0:03:DF:C9:BE:CF,-83
BLE,1657466555784845750,3B:E1:C5:93:65:D2,-51
BLE,1657466555880639608,35:9A:01:59:70:9E,-99
BLE,1657466555888002366,3B:E1:C5:93:65:D2,-52
BLE,1657466555907846715,D0:03:DF:C9:BE:CF,-85
BLE,1657466555994430875,3B:E1:C5:93:65:D2,-50
BLE,1657466556067334484,90:DD:5D:B3:CD:3C,-92
BLE,1657466556090147740,D0:03:DF:C9:BE:CF,-84
BLE,1657466556099162447,3B:E1:C5:93:65:D2,-51
BLE,1657466556165518285,F0:3F:B0:47:E5:DB,-82
BLE,1657466556202943066,3B:E1:C5:93:65:D2,-52
BLE,1657466556205077996,53:5A:4A:FA:8C:C8,-99
BLE,1657466556245839669,35:9A:01:59:70:9E,-93
BLE,1657466556249470550,D0:03:DF:C9:BE:CF,-85
BLE,1657466556309452596,3B:E1:C5:93:65:D2,-48
BLE,1657466556365910757,D0:03:DF:C9:BE:CF,-80
BLE,1657466556419420014,3B:E1:C5:93:65:D2,-50
BLE,1657466556430229662,35:9A:01:59:70:9E,-90
BLE,1657466556478357094,53:5A:4A:FA:8C:C8,-94
BLE,1657466556517232828,D0:03:DF:C9:BE:CF,-84
BLE,1657466556526173536,3B:E1:C5:93:65:D2,-51
BLE,1657466556568949143,F0:3F:B0:47:E5:DB,-83
BLE,1657466556597990197,80:47:86:70:AC:85,-92
BLE,1657466556611171768,35:9A:01:59:70:9E,-94
BLE,1657466556634928994,3B:E1:C5:93:65:D2,-52
BLE,1657466556638822867,62:98:A5:32:A2:5E,-90
BLE,1657466556672284777,D0:03:DF:C9:BE:CF,-85
BLE,1657466556735161728,3B:E1:C5:93:65:D2,-50
BLE,1657466556794300802,35:9A:01:59:70:9E,-94
BLE,1657466556830357627,D0:03:DF:C9:BE:CF,-85
BLE,1657466556843152211,3B:E1:C5:93:65:D2,-35
BLE,1657466556852969891,6A:C3:E3:BD:B8:07,-88
BLE,1657466556943632937,3B:E1:C5:93:65:D2,-53
BLE,1657466556961603352,C0:0A:1A:10:3D:56,-86
BLE,1657466556972708990,F0:3F:B0:47:E5:DB,-83
BLE,1657466557009550790,D0:03:DF:C9:BE:CF,-85
BLE,1657466557018392504,53:5A:4A:FA:8C:C8,-96
BLE,1657466557044226668,3B:E1:C5:93:65:D2,-51
BLE,1657466557144706417,D0:03:DF:C9:BE:CF,-85
BLE,1657466557153520132,3B:E1:C5:93:65:D2,-51
BLE,1657466557157598000,62:98:A5:32:A2:5E,-91
BLE,1657466557161062888,35:9A:01:59:70:9E,-97
BLE,1657466557167805670,6A:C3:E3:BD:B8:07,-96
BLE,1657466557254477865,3B:E1:C5:93:65:D2,-50
BLE,1657466557288310771,53:5A:4A:FA:8C:C8,-94
BLE,1657466557330125418,D0:03:DF:C9:BE:CF,-83
BLE,1657466557377043900,F0:3F:B0:47:E5:DB,-83
BLE,1657466557429281209,90:DD:5D:B3:CD:3C,-100
BLE,1657466557464923056,3B:E1:C5:93:65:D2,-54
BLE,1657466557491086210,D0:03:DF:C9:BE:CF,-80
BLE,1657466557562836888,53:5A:4A:FA:8C:C8,-95
BLE,1657466557572439578,3B:E1:C5:93:65:D2,-53
BLE,1657466557605795498,D0:03:DF:C9:BE:CF,-80
BLE,1657466557707068222,35:9A:01:59:70:9E,-91
BLE,1657466557737189247,8C:EA:48:4C:F1:01,-87
BLE,1657466557785004700,3B:E1:C5:93:65:D2,-52
BLE,1657466557832628159,53:5A:4A:FA:8C:C8,-94
BLE,1657466557890248295,35:9A:01:59:70:9E,-81
BLE,1657466557912898562,D0:03:DF:C9:BE:CF,-84
BLE,1657466557927111102,C0:0A:1A:10:3D:56,-87
BLE,1657466557994538920,3B:E1:C5:93:65:D2,-35
BLE,1657466558076110287,35:9A:01:59:70:9E,-96
BLE,1657466558090118836,D0:03:DF:C9:BE:CF,-75
BLE,1657466558097904586,3B:E1:C5:93:65:D2,-51
BLE,1657466558102464440,53:5A:4A:FA:8C:C8,-96
BLE,1657466558192292552,F0:3F:B0:47:E5:DB,-83
BLE,1657466558206761087,3B:E1:C5:93:65:D2,-53
BLE,1657466558313299663,3B:E1:C5:93:65:D2,-50
BLE,1657466558410123551,D0:03:DF:C9:BE:CF,-84
BLE,1657466558421204195,3B:E1:C5:93:65:D2,-50
BLE,1657466558528561744,3B:E1:C5:93:65:D2,-51
BLE,1657466558570471397,D0:03:DF:C9:BE:CF,-81
BLE,1657466558588369822,80:9F:9B:86:84:DE,-93
BLE,1657466558595717585,F0:3F:B0:47:E5:DB,-83
BLE,1657466558635485307,3B:E1:C5:93:65:D2,-39
BLE,1657466558644694011,80:47:86:70:AC:85,-95
BLE,1657466558740096945,3B:E1:C5:93:65:D2,-50
BLE,1657466558849544427,3B:E1:C5:93:65:D2,-50
BLE,1657466558895984934,C0:0A:1A:10:3D:56,-76
BLE,1657466558972402478,62:98:A5:32:A2:5E,-86
BLE,1657466558990094909,35:9A:01:59:70:9E,-92
BLE,1657466559155193603,D0:03:DF:C9:BE:CF,-80
BLE,1657466559170485115,3B:E1:C5:93:65:D2,-52
BLE,1657466559271676883,3B:E1:C5:93:65:D2,-37
BLE,1657466559313416550,D0:03:DF:C9:BE:CF,-74
BLE,1657466559353313276,35:9A:01:59:70:9E,-93
BLE,1657466559376736528,3B:E1:C5:93:65:D2,-54
BLE,1657466559469971551,53:5A:4A:FA:8C:C8,-95
BLE,1657466559481276190,3B:E1:C5:93:65:D2,-50
BLE,1657466559489447929,D0:03:DF:C9:BE:CF,-82
BLE,1657466559493432801,62:98:A5:32:A2:5E,-79
BLE,1657466559537798385,35:9A:01:59:70:9E,-83
BLE,1657466559598783437,90:DD:5D:B3:CD:3C,-92
BLE,1657466559650472786,D0:03:DF:C9:BE:CF,-66
BLE,1657466559692564442,3B:E1:C5:93:65:D2,-53
BLE,1657466559720359554,35:9A:01:59:70:9E,-95
BLE,1657466559740135923,53:5A:4A:FA:8C:C8,-84
BLE,1657466559795154166,3B:E1:C5:93:65:D2,-51
BLE,1657466559810399679,D0:03:DF:C9:BE:CF,-80
BLE,1657466559815336521,F0:3F:B0:47:E5:DB,-91
BLE,1657466559860195089,C0:0A:1A:10:3D:56,-86
BLE,1657466559874328637,90:DD:5D:B3:CD:3C,-94
BLE,1657466560005691442,3B:E1:C5:93:65:D2,-54
BLE,1657466560077627158,D0:03:DF:C9:BE:CF,-67
BLE,1657466560115513956,3B:E1:C5:93:65:D2,-54
BLE,1657466560144564034,90:DD:5D:B3:CD:3C,-96
BLE,1657466560221906580,3B:E1:C5:93:65:D2,-50
BLE,1657466560249516703,D0:03:DF:C9:BE:CF,-84
BLE,1657466560257387454,62:98:A5:32:A2:5E,-90
BLE,1657466560281464689,53:5A:4A:FA:8C:C8,-94
BLE,1657466560379434580,D0:03:DF:C9:BE:CF,-86
BLE,1657466560419777300,90:DD:5D:B3:CD:3C,-83
BLE,1657466560434959818,3B:E1:C5:93:65:D2,-54
BLE,1657466560455688161,35:9A:01:59:70:9E,-81
BLE,1657466560527078895,8C:EA:48:4C:F1:01,-97
BLE,1657466560541461439,3B:E1:C5:93:65:D2,-51
BLE,1657466560570223526,D0:03:DF:C9:BE:CF,-82
BLE,1657466560685207877,D0:03:DF:C9:BE:CF,-81
BLE,1657466560749609833,3B:E1:C5:93:65:D2,-54
BLE,1657466560821500552,53:5A:4A:FA:8C:C8,-93
BLE,1657466560824458458,35:9A:01:59:70:9E,-95
BLE,1657466560826795384,C0:0A:1A:10:3D:56,-85
BLE,1657466560857677404,3B:E1:C5:93:65:D2,-55
BLE,1657466560988280259,80:47:86:70:AC:85,-93
BLE,1657466560998771926,8C:EA:48:4C:F1:01,-85
BLE,1657466561023452144,62:98:A5:32:A2:5E,-91
BLE,1657466561062962898,3B:E1:C5:93:65:D2,-53
BLE,1657466561093335940,53:5A:4A:FA:8C:C8,-94
BLE,1657466561109568428,F9:EE:48:02:37:33,-88
BLE,1657466561167805591,3B:E1:C5:93:65:D2,-51
BLE,1657466561189997891,35:9A:01:59:70:9E,-96
BLE,1657466561302420345,D0:03:DF:C9:BE:CF,-86
BLE,1657466561482827655,3B:E1:C5:93:65:D2,-49
BLE,1657466561489519444,D0:03:DF:C9:BE:CF,-83
BLE,1657466561556957317,35:9A:01:59:70:9E,-82
BLE,1657466561589799281,3B:E1:C5:93:65:D2,-54
BLE,1657466561649454399,D0:03:DF:C9:BE:CF,-82
BLE,1657466561691751065,3B:E1:C5:93:65:D2,-52
BLE,1657466561743967418,35:9A:01:59:70:9E,-95
BLE,1657466561794551823,3B:E1:C5:93:65:D2,-51
BLE,1657466561889545827,7C:2E:BD:1A:5C:CE,-92
BLE,1657466561905437326,3B:E1:C5:93:65:D2,-53
BLE,1657466562007578104,3B:E1:C5:93:65:D2,-38
BLE,1657466562088416570,D0:03:DF:C9:BE:CF,-84
BLE,1657466562220452430,3B:E1:C5:93:65:D2,-37
BLE,1657466562234650985,D0:03:DF:C9:BE:CF,-83
BLE,1657466562293967125,35:9A:01:59:70:9E,-98
BLE,1657466562307987686,62:98:A5:32:A2:5E,-84
BLE,1657466562327479075,3B:E1:C5:93:65:D2,-53
BLE,1657466562383511318,80:47:86:70:AC:85,-94
BLE,1657466562405412631,7C:2E:BD:1A:5C:CE,-96
BLE,1657466562409486503,D0:03:DF:C9:BE:CF,-85
BLE,1657466562435661683,3B:E1:C5:93:65:D2,-54
BLE,1657466562539511427,3B:E1:C5:93:65:D2,-49
BLE,1657466562545900227,D0:03:DF:C9:BE:CF,-84
BLE,1657466562664528507,80:9F:9B:86:84:DE,-88
BLE,1657466562729366474,D0:03:DF:C9:BE:CF,-83
BLE,1657466562752519749,3B:E1:C5:93:65:D2,-55
BLE,1657466562824692486,62:98:A5:32:A2:5E,-96
BLE,1657466562845194843,35:9A:01:59:70:9E,-95
BLE,1657466562855106532,3B:E1:C5:93:65:D2,-52
BLE,1657466562858519425,90:DD:5D:B3:CD:3C,-81
BLE,1657466562890447424,D0:03:DF:C9:BE:CF,-80
BLE,1657466562957896309,3B:E1:C5:93:65:D2,-53
BLE,1657466563011253637,D0:03:DF:C9:BE:CF,-84
BLE,1657466563028895087,35:9A:01:59:70:9E,-96
BLE,1657466563055341262,F0:3F:B0:47:E5:DB,-91
BLE,1657466563058870152,3B:E1:C5:93:65:D2,-50
BLE,1657466563130824909,90:DD:5D:B3:CD:3C,-93
BLE,1657466563169038718,D0:03:DF:C9:BE:CF,-84
BLE,1657466563272837483,53:5A:4A:FA:8C:C8,-95
BLE,1657466563328995732,D0:03:DF:C9:BE:CF,-84
BLE,1657466563380688121,3B:E1:C5:93:65:D2,-55
BLE,1657466563443010178,7C:2E:BD:1A:5C:CE,-92
BLE,1657466563459441666,F0:3F:B0:47:E5:DB,-81
BLE,1657466563489941716,3B:E1:C5:93:65:D2,-40
BLE,1657466563544395018,53:5A:4A:FA:8C:C8,-94
BLE,1657466563597510363,62:98:A5:32:A2:5E,-89
BLE,1657466563650118723,D0:03:DF:C9:BE:CF,-85
BLE,1657466563677643865,90:DD:5D:B3:CD:3C,-97
BLE,1657466563701849110,3B:E1:C5:93:65:D2,-54
BLE,1657466563708398906,7C:2E:BD:1A:5C:CE,-95
BLE,1657466563727233319,C0:0A:1A:10:3D:56,-90
BLE,1657466563759326319,35:9A:01:59:70:9E,-91
BLE,1657466563793268261,D0:03:DF:C9:BE:CF,-80
BLE,1657466563809960741,3B:E1:C5:93:65:D2,-53
BLE,1657466563858979213,62:98:A5:32:A2:5E,-82
BLE,1657466563917538387,3B:E1:C5:93:65:D2,-55
BLE,1657466563927610073,8C:EA:48:4C:F1:01,-96
BLE,1657466563944245555,35:9A:01:59:70:9E,-91
BLE,1657466563948234431,90:DD:5D:B3:CD:3C,-83
BLE,1657466563960434050,7C:2E:BD:1A:5C:CE,-92
BLE,1657466563971059719,D0:03:DF:C9:BE:CF,-80
BLE,1657466564023277092,3B:E1:C5:93:65:D2,-52
BLE,1657466564081415290,8C:EA:48:4C:F1:01,-85
BLE,1657466564117630167,62:98:A5:32:A2:5E,-89
BLE,1657466564220506979,90:DD:5D:B3:CD:3C,-96
BLE,1657466564229386703,3B:E1:C5:93:65:D2,-51
BLE,1657466564266335558,F0:3F:B0:47:E5:DB,-82
BLE,1657466564333247484,3B:E1:C5:93:65:D2,-52
BLE,1657466564435574313,3B:E1:C5:93:65:D2,-77
BLE,1657466564537680148,8C:EA:48:4C:F1:01,-95
BLE,1657466564542702993,3B:E1:C5:93:65:D2,-50
BLE,1657466564623281495,62:98:A5:32:A2:5E,-94
BLE,1657466564644789829,3B:E1:C5:93:65:D2,-54
BLE,1657466564670008047,F0:3F:B0:47:E5:DB,-82
BLE,1657466564691487381,C0:0A:1A:10:3D:56,-90
BLE,1657466564719991498,D0:03:DF:C9:BE:CF,-82
BLE,1657466564736133997,7C:2E:BD:1A:5C:CE,-98
BLE,1657466564745732700,3B:E1:C5:93:65:D2,-52
BLE,1657466564855803289,3B:E1:C5:93:65:D2,-35
BLE,1657466564865500988,35:9A:01:59:70:9E,-93
BLE,1657466564889445246,D0:03:DF:C9:BE:CF,-84
BLE,1657466564963513950,3B:E1:C5:93:65:D2,-53
BLE,1657466564992709045,7C:2E:BD:1A:5C:CE,-95
BLE,1657466565028247944,D0:03:DF:C9:BE:CF,-81
BLE,1657466565067433736,3B:E1:C5:93:65:D2,-39
BLE,1657466565076061470,F0:3F:B0:47:E5:DB,-83
BLE,1657466565129087836,80:47:86:70:AC:85,-95
BLE,1657466565211025310,D0:03:DF:C9:BE:CF,-69
BLE,1657466565272511415,3B:E1:C5:93:65:D2,-54
BLE,1657466565380588084,3B:E1:C5:93:65:D2,-52
BLE,1657466565412719093,35:9A:01:59:70:9E,-95
BLE,1657466565484984866,D0:03:DF:C9:BE:CF,-84
BLE,1657466565584400802,3B:E1:C5:93:65:D2,-52
BLE,1657466565649472796,D0:03:DF:C9:BE:CF,-84
BLE,1657466565657713542,C0:0A:1A:10:3D:56,-91
BLE,1657466565688266600,3B:E1:C5:93:65:D2,-35
BLE,1657466565724412486,53:5A:4A:FA:8C:C8,-82
BLE,1657466565789382484,3B:E1:C5:93:65:D2,-39
BLE,1657466565885454523,F0:3F:B0:47:E5:DB,-82
BLE,1657466565890082380,3B:E1:C5:93:65:D2,-50
BLE,1657466565932671067,8C:EA:48:4C:F1:01,-83
BLE,1657466565972473840,D0:03:DF:C9:BE:CF,-80
BLE,1657466565995869119,53:5A:4A:FA:8C:C8,-95
BLE,1657466565998610035,3B:E1:C5:93:65:D2,-51
BLE,1657466566100030909,3B:E1:C5:93:65:D2,-54
BLE,1657466566108837639,D0:03:DF:C9:BE:CF,-80
BLE,1657466566117559372,90:DD:5D:B3:CD:3C,-86
BLE,1657466566174279633,62:98:A5:32:A2:5E,-96
BLE,1657466566205731668,3B:E1:C5:93:65:D2,-51
BLE,1657466566268849733,53:5A:4A:FA:8C:C8,-95
BLE,1657466566283223293,F0:3F:B0:47:E5:DB,-75
BLE,1657466566290415072,D0:03:DF:C9:BE:CF,-80
BLE,1657466566309808478,3B:E1:C5:93:65:D2,-53
BLE,1657466566320661145,35:9A:01:59:70:9E,-99
BLE,1657466566401971652,8C:EA:48:4C:F1:01,-85
BLE,1657466566410108403,3B:E1:C5:93:65:D2,-51
BLE,1657466566429593805,62:98:A5:32:A2:5E,-90
BLE,1657466566515564170,3B:E1:C5:93:65:D2,-51
BLE,1657466566567914565,7C:2E:BD:1A:5C:CE,-92
BLE,1657466566616155086,3B:E1:C5:93:65:D2,-38
BLE,1657466566692780737,62:98:A5:32:A2:5E,-96
BLE,1657466566729439613,D0:03:DF:C9:BE:CF,-84
BLE,1657466566809060172,53:5A:4A:FA:8C:C8,-83
BLE,1657466566828516576,3B:E1:C5:93:65:D2,-37
BLE,1657466566883782881,D0:03:DF:C9:BE:CF,-85
BLE,1657466566930071462,3B:E1:C5:93:65:D2,-36
BLE,1657466566933722350,90:DD:5D:B3:CD:3C,-92
BLE,1657466566948566895,62:98:A5:32:A2:5E,-91
BLE,1657466567033166302,3B:E1:C5:93:65:D2,-53
BLE,1657466567050018788,D0:03:DF:C9:BE:CF,-83
BLE,1657466567091571521,F0:3F:B0:47:E5:DB,-76
BLE,1657466567131960289,3B:E1:C5:93:65:D2,-51
BLE,1657466567194443384,D0:03:DF:C9:BE:CF,-85
BLE,1657466567204018092,90:DD:5D:B3:CD:3C,-91
BLE,1657466567209434926,62:98:A5:32:A2:5E,-84
BLE,1657466567233141203,3B:E1:C5:93:65:D2,-53
BLE,1657466567341321904,3B:E1:C5:93:65:D2,-39
BLE,1657466567371059997,D0:03:DF:C9:BE:CF,-81
BLE,1657466567467937043,62:98:A5:32:A2:5E,-81
BLE,1657466567479226699,90:DD:5D:B3:CD:3C,-94
BLE,1657466567505683892,D0:03:DF:C9:BE:CF,-80
BLE,1657466567541846789,3B:E1:C5:93:65:D2,-64
BLE,1657466567583181528,C0:0A:1A:10:3D:56,-87
BLE,1657466567646979583,3B:E1:C5:93:65:D2,-51
BLE,1657466567750064439,90:DD:5D:B3:CD:3C,-94
BLE,1657466567820675286,D0:03:DF:C9:BE:CF,-81
BLE,1657466567856254201,3B:E1:C5:93:65:D2,-52
BLE,1657466567901919808,F0:3F:B0:47:E5:DB,-75
BLE,1657466567956660139,3B:E1:C5:93:65:D2,-53
BLE,1657466567967232816,35:9A:01:59:70:9E,-83
BLE,1657466567981754373,62:98:A5:32:A2:5E,-90
BLE,1657466567985039273,D0:03:DF:C9:BE:CF,-84
BLE,1657466568018809244,90:DD:5D:B3:CD:3C,-94
BLE,1657466568057435072,3B:E1:C5:93:65:D2,-52
BLE,1657466568117136261,7C:2E:BD:1A:5C:CE,-93
BLE,1657466568152015203,35:9A:01:59:70:9E,-81
BLE,1657466568159864965,3B:E1:C5:93:65:D2,-52
BLE,1657466568185396190,80:47:86:70:AC:85,-94
BLE,1657466568244307402,62:98:A5:32:A2:5E,-95
BLE,1657466568289471032,90:DD:5D:B3:CD:3C,-95
BLE,1657466568301980653,F0:3F:B0:47:E5:DB,-91
BLE,1657466568332492727,D0:03:DF:C9:BE:CF,-74
BLE,1657466568373138494,3B:E1:C5:93:65:D2,-77
BLE,1657466568406195491,8C:EA:48:4C:F1:01,-84
BLE,1657466568450801137,D0:03:DF:C9:BE:CF,-66
BLE,1657466568474850408,3B:E1:C5:93:65:D2,-53
BLE,1657466568500115641,80:47:86:70:AC:85,-93
BLE,1657466568560511808,90:DD:5D:B3:CD:3C,-86
BLE,1657466568574286391,3B:E1:C5:93:65:D2,-52
BLE,1657466568606373417,D0:03:DF:C9:BE:CF,-80
BLE,1657466568677389262,3B:E1:C5:93:65:D2,-53
BLE,1657466568763738642,62:98:A5:32:A2:5E,-95
BLE,1657466568783538042,3B:E1:C5:93:65:D2,-37
BLE,1657466568795170689,80:9F:9B:86:84:DE,-97
BLE,1657466568912654124,D0:03:DF:C9:BE:CF,-84
BLE,1657466569017281950,62:98:A5:32:A2:5E,-90
BLE,1657466569088346804,D0:03:DF:C9:BE:CF,-84
BLE,1657466569103055360,3B:E1:C5:93:65:D2,-52
BLE,1657466569175653168,80:47:86:70:AC:85,-93
BLE,1657466569205050281,3B:E1:C5:93:65:D2,-39
BLE,1657466569248024983,35:9A:01:59:70:9E,-86
BLE,1657466569254988773,53:5A:4A:FA:8C:C8,-95
BLE,1657466569305527247,3B:E1:C5:93:65:D2,-53
BLE,1657466569370411288,D0:03:DF:C9:BE:CF,-81
BLE,1657466569406767191,3B:E1:C5:93:65:D2,-52
BLE,1657466569429663500,35:9A:01:59:70:9E,-95
BLE,1657466569511494029,F0:3F:B0:47:E5:DB,-90
BLE,1657466569514324944,3B:E1:C5:93:65:D2,-49
BLE,1657466569526744569,53:5A:4A:FA:8C:C8,-82
BLE,1657466569536989259,62:98:A5:32:A2:5E,-89
BLE,1657466569623806638,3B:E1:C5:93:65:D2,-49
BLE,1657466569725617565,3B:E1:C5:93:65:D2,-52
BLE,1657466569797226403,53:5A:4A:FA:8C:C8,-94
BLE,1657466569799270341,35:9A:01:59:70:9E,-96
BLE,1657466569839655122,D0:03:DF:C9:BE:CF,-85
BLE,1657466569934904246,3B:E1:C5:93:65:D2,-37
BLE,1657466569957491564,8C:EA:48:4C:F1:01,-95
BLE,1657466570008343029,D0:03:DF:C9:BE:CF,-84
BLE,1657466570036896171,3B:E1:C5:93:65:D2,-39
BLE,1657466570066271289,53:5A:4A:FA:8C:C8,-92
BLE,1657466570118125731,8C:EA:48:4C:F1:01,-85
BLE,1657466570137970135,3B:E1:C5:93:65:D2,-53
BLE,1657466570142580996,D0:03:DF:C9:BE:CF,-84
BLE,1657466570193191475,90:DD:5D:B3:CD:3C,-86
BLE,1657466570236902162,3B:E1:C5:93:65:D2,-49
BLE,1657466570269264190,8C:EA:48:4C:F1:01,-86
BLE,1657466570301394225,62:98:A5:32:A2:5E,-91
BLE,1657466570329364384,D0:03:DF:C9:BE:CF,-82
BLE,1657466570337527139,53:5A:4A:FA:8C:C8,-93
BLE,1657466570343024974,3B:E1:C5:93:65:D2,-52
BLE,1657466570347273846,35:9A:01:59:70:9E,-98
BLE,1657466570449301781,3B:E1:C5:93:65:D2,-53
BLE,1657466570465776286,90:DD:5D:B3:CD:3C,-94
BLE,1657466570484362727,C0:0A:1A:10:3D:56,-77
BLE,1657466570489306579,D0:03:DF:C9:BE:CF,-84
BLE,1657466570558859489,3B:E1:C5:93:65:D2,-52
BLE,1657466570610927925,D0:03:DF:C9:BE:CF,-80
BLE,1657466570663733338,3B:E1:C5:93:65:D2,-49
BLE,1657466570723938529,F0:3F:B0:47:E5:DB,-72
BLE,1657466570768319196,3B:E1:C5:93:65:D2,-53
BLE,1657466570877999901,53:5A:4A:FA:8C:C8,-77
BLE,1657466570885107687,80:47:86:70:AC:85,-95
BLE,1657466570899163265,35:9A:01:59:70:9E,-95
BLE,1657466570906351049,80:47:86:70:AC:85,-85
BLE,1657466570972748054,3B:E1:C5:93:65:D2,-52
BLE,1657466571009322955,90:DD:5D:B3:CD:3C,-91
BLE,1657466571080371831,3B:E1:C5:93:65:D2,-53
BLE,1657466571084099719,35:9A:01:59:70:9E,-87
BLE,1657466571128580389,F0:3F:B0:47:E5:DB,-82
BLE,1657466571248605800,D0:03:DF:C9:BE:CF,-82
BLE,1657466571285263704,90:DD:5D:B3:CD:3C,-98
BLE,1657466571289832567,3B:E1:C5:93:65:D2,-36
BLE,1657466571329345385,62:98:A5:32:A2:5E,-96
BLE,1657466571409127000,D0:03:DF:C9:BE:CF,-84
BLE,1657466571421537629,53:5A:4A:FA:8C:C8,-93
BLE,1657466571446730875,C0:0A:1A:10:3D:56,-86
BLE,1657466571584345760,62:98:A5:32:A2:5E,-81
BLE,1657466571605114139,3B:E1:C5:93:65:D2,-51
BLE,1657466571668054257,8C:EA:48:4C:F1:01,-95
BLE,1657466571710510987,3B:E1:C5:93:65:D2,-78
BLE,1657466571729361424,D0:03:DF:C9:BE:CF,-86
BLE,1657466571809337032,3B:E1:C5:93:65:D2,-51
BLE,1657466571819422731,35:9A:01:59:70:9E,-94
BLE,1657466571823713602,8C:EA:48:4C:F1:01,-84
BLE,1657466571861474473,D0:03:DF:C9:BE:CF,-85
BLE,1657466571913026931,3B:E1:C5:93:65:D2,-36
BLE,1657466571920072721,80:47:86:70:AC:85,-94
BLE,1657466571938406173,F0:3F:B0:47:E5:DB,-82
BLE,1657466572026872527,D0:03:DF:C9:BE:CF,-80
BLE,1657466572096159465,90:DD:5D:B3:CD:3C,-96
BLE,1657466572103445248,62:98:A5:32:A2:5E,-80
BLE,1657466572226820576,3B:E1:C5:93:65:D2,-53
BLE,1657466572328247556,3B:E1:C5:93:65:D2,-36
BLE,1657466572363226515,62:98:A5:32:A2:5E,-93
BLE,1657466572481277001,D0:03:DF:C9:BE:CF,-82
BLE,1657466572540107250,3B:E1:C5:93:65:D2,-55
BLE,1657466572636707375,90:DD:5D:B3:CD:3C,-95
BLE,1657466572648773016,3B:E1:C5:93:65:D2,-53
BLE,1657466572754050882,F0:3F:B0:47:E5:DB,-90
BLE,1657466572756206818,3B:E1:C5:93:65:D2,-52
BLE,1657466572791423769,53:5A:4A:FA:8C:C8,-96
BLE,1657466572792976723,D0:03:DF:C9:BE:CF,-80
BLE,1657466572858579770,3B:E1:C5:93:65:D2,-53
BLE,1657466572965777580,3B:E1:C5:93:65:D2,-51
BLE,1657466572971616406,D0:03:DF:C9:BE:CF,-66
BLE,1657466572977628227,80:47:86:70:AC:85,-95
BLE,1657466573066983574,3B:E1:C5:93:65:D2,-35
BLE,1657466573096271706,35:9A:01:59:70:9E,-82
BLE,1657466573104186472,D0:03:DF:C9:BE:CF,-81
BLE,1657466573138827445,62:98:A5:32:A2:5E,-89
BLE,1657466573169811527,3B:E1:C5:93:65:D2,-54
BLE,1657466573261797801,D0:03:DF:C9:BE:CF,-66
BLE,1657466573277647332,35:9A:01:59:70:9E,-93
BLE,1657466573378346347,8C:EA:48:4C:F1:01,-86
BLE,1657466573378874332,3B:E1:C5:93:65:D2,-37
BLE,1657466573398103762,62:98:A5:32:A2:5E,-93
BLE,1657466573459506942,35:9A:01:59:70:9E,-93
BLE,1657466573483266238,3B:E1:C5:93:65:D2,-54
BLE,1657466573569286689,D0:03:DF:C9:BE:CF,-84
BLE,1657466573587606146,3B:E1:C5:93:65:D2,-51
BLE,1657466573654789155,62:98:A5:32:A2:5E,-82
BLE,1657466573691045081,3B:E1:C5:93:65:D2,-53
BLE,1657466573799312873,3B:E1:C5:93:65:D2,-54
BLE,1657466573879349501,D0:03:DF:C9:BE:CF,-84
BLE,1657466573901921832,80:9F:9B:86:84:DE,-97
BLE,1657466573990418210,80:47:86:70:AC:85,-86
BLE,1657466574009247652,3B:E1:C5:93:65:D2,-53
BLE,1657466574050995420,D0:03:DF:C9:BE:CF,-80
BLE,1657466574117983443,3B:E1:C5:93:65:D2,-52
BLE,1657466574195788148,35:9A:01:59:70:9E,-97
BLE,1657466574222543358,3B:E1:C5:93:65:D2,-53
BLE,1657466574269773965,90:DD:5D:B3:CD:3C,-92
BLE,1657466574324866339,3B:E1:C5:93:65:D2,-51
BLE,1657466574331018158,80:47:86:70:AC:85,-86
BLE,1657466574351066566,80:47:86:70:AC:85,-97
BLE,1657466574381284675,35:9A:01:59:70:9E,-91
BLE,1657466574424250407,53:5A:4A:FA:8C:C8,-92
BLE,1657466574428527281,3B:E1:C5:93:65:D2,-52
BLE,1657466574504941026,D0:03:DF:C9:BE:CF,-80
BLE,1657466574630490322,3B:E1:C5:93:65:D2,-53
BLE,1657466574688937597,D0:03:DF:C9:BE:CF,-84
BLE,1657466574691801513,62:98:A5:32:A2:5E,-91
BLE,1657466574739261112,3B:E1:C5:93:65:D2,-39
BLE,1657466574840579123,3B:E1:C5:93:65:D2,-53
BLE,1657466574951205859,62:98:A5:32:A2:5E,-95
BLE,1657466574964584464,53:5A:4A:FA:8C:C8,-91
BLE,1657466575054241819,3B:E1:C5:93:65:D2,-54
BLE,1657466575079276083,90:DD:5D:B3:CD:3C,-92
BLE,1657466575085354905,8C:EA:48:4C:F1:01,-99
BLE,1657466575094960623,7C:2E:BD:1A:5C:CE,-94
BLE,1657466575119282908,D0:03:DF:C9:BE:CF,-84
BLE,1657466575175604253,F0:3F:B0:47:E5:DB,-83
BLE,1657466575204849394,62:98:A5:32:A2:5E,-91
BLE,1657466575257440849,3B:E1:C5:93:65:D2,-54
BLE,1657466575292351823,D0:03:DF:C9:BE:CF,-81
BLE,1657466575351156095,90:DD:5D:B3:CD:3C,-94
BLE,1657466575366887633,3B:E1:C5:93:65:D2,-49
BLE,1657466575434319652,D0:03:DF:C9:BE:CF,-84
BLE,1657466575509249451,53:5A:4A:FA:8C:C8,-90
BLE,1657466575576405477,F0:3F:B0:47:E5:DB,-85
BLE,1657466575580453359,3B:E1:C5:93:65:D2,-52
BLE,1657466575609513505,7C:2E:BD:1A:5C:CE,-95
BLE,1657466575621078165,90:DD:5D:B3:CD:3C,-93
BLE,1657466575680077432,3B:E1:C5:93:65:D2,-50
BLE,1657466575696629945,8C:EA:48:4C:F1:01,-95
BLE,1657466575701054815,80:47:86:70:AC:85,-94
BLE,1657466575746281486,D0:03:DF:C9:BE:CF,-83
BLE,1657466575844291607,35:9A:01:59:70:9E,-93
BLE,1657466575890528248,90:DD:5D:B3:CD:3C,-94
BLE,1657466575896129084,3B:E1:C5:93:65:D2,-52
BLE,1657466575904840828,D0:03:DF:C9:BE:CF,-83
BLE,1657466575950402489,80:9F:9B:86:84:DE,-97
BLE,1657466575972631836,62:98:A5:32:A2:5E,-90
BLE,1657466575981994561,F0:3F:B0:47:E5:DB,-85
BLE,1657466575996831125,3B:E1:C5:93:65:D2,-50
BLE,1657466576049481583,53:5A:4A:FA:8C:C8,-93
BLE,1657466576089901400,D0:03:DF:C9:BE:CF,-85
BLE,1657466576104298979,3B:E1:C5:93:65:D2,-51
BLE,1657466576160442336,90:DD:5D:B3:CD:3C,-91
BLE,1657466576205484018,3B:E1:C5:93:65:D2,-54
BLE,1657466576236420113,62:98:A5:32:A2:5E,-94
BLE,1657466576249837720,D0:03:DF:C9:BE:CF,-83
BLE,1657466576282628761,C0:0A:1A:10:3D:56,-89
BLE,1657466576311854906,3B:E1:C5:93:65:D2,-50
BLE,1657466576319439684,53:5A:4A:FA:8C:C8,-91
BLE,1657466576371166170,D0:03:DF:C9:BE:CF,-80
BLE,1657466576386822712,F0:3F:B0:47:E5:DB,-85
BLE,1657466576414898891,3B:E1:C5:93:65:D2,-52
BLE,1657466576430906422,90:DD:5D:B3:CD:3C,-92
BLE,1657466576490623675,62:98:A5:32:A2:5E,-90
BLE,1657466576523619709,3B:E1:C5:93:65:D2,-52
BLE,1657466576594290641,53:5A:4A:FA:8C:C8,-91
BLE,1657466576623688781,3B:E1:C5:93:65:D2,-50
BLE,1657466576705023401,90:DD:5D:B3:CD:3C,-84
BLE,1657466576731107638,3B:E1:C5:93:65:D2,-77
BLE,1657466576789115941,F0:3F:B0:47:E5:DB,-84
BLE,1657466576833297648,D0:03:DF:C9:BE:CF,-84
BLE,1657466576866095688,53:5A:4A:FA:8C:C8,-92
BLE,1657466576962674863,80:9F:9B:86:84:DE,-96
BLE,1657466576977403432,90:DD:5D:B3:CD:3C,-84
BLE,1657466577050571293,3B:E1:C5:93:65:D2,-50
BLE,1657466577067969786,80:47:86:70:AC:85,-98
BLE,1657466577126786072,35:9A:01:59:70:9E,-93
BLE,1657466577147039481,D0:03:DF:C9:BE:CF,-85
BLE,1657466577191713179,F0:3F:B0:47:E5:DB,-87
BLE,1657466577270719877,62:98:A5:32:A2:5E,-96
BLE,1657466577308606773,35:9A:01:59:70:9E,-91
BLE,1657466577329254171,D0:03:DF:C9:BE:CF,-85
BLE,1657466577358639315,3B:E1:C5:93:65:D2,-36
BLE,1657466577436149056,80:47:86:70:AC:85,-83
BLE,1657466577459296381,D0:03:DF:C9:BE:CF,-85
BLE,1657466577465595198,3B:E1:C5:93:65:D2,-39
BLE,1657466577523361514,62:98:A5:32:A2:5E,-90
BLE,1657466577568689193,3B:E1:C5:93:65:D2,-51
BLE,1657466577599758288,F0:3F:B0:47:E5:DB,-87
BLE,1657466577650335814,D0:03:DF:C9:BE:CF,-66
BLE,1657466577674074122,35:9A:01:59:70:9E,-96
BLE,1657466577785563873,3B:E1:C5:93:65:D2,-53
BLE,1657466577894277704,3B:E1:C5:93:65:D2,-54
BLE,1657466577928890696,D0:03:DF:C9:BE:CF,-72
BLE,1657466577984890064,80:9F:9B:86:84:DE,-94
BLE,1657466578002993536,3B:E1:C5:93:65:D2,-54
BLE,1657466578007264412,F0:3F:B0:47:E5:DB,-86
BLE,1657466578041234425,35:9A:01:59:70:9E,-87
BLE,1657466578088294059,D0:03:DF:C9:BE:CF,-84
BLE,1657466578108850462,3B:E1:C5:93:65:D2,-50
BLE,1657466578212636449,C0:0A:1A:10:3D:56,-75
BLE,1657466578214225403,3B:E1:C5:93:65:D2,-37
BLE,1657466578222590160,35:9A:01:59:70:9E,-97
BLE,1657466578249852369,D0:03:DF:C9:BE:CF,-71
BLE,1657466578292550129,62:98:A5:32:A2:5E,-91
BLE,1657466578314974478,3B:E1:C5:93:65:D2,-50
BLE,1657466578392501228,D0:03:DF:C9:BE:CF,-80
BLE,1657466578412007661,F0:3F:B0:47:E5:DB,-85
BLE,1657466578423351332,3B:E1:C5:93:65:D2,-35
BLE,1657466578557231445,62:98:A5:32:A2:5E,-90
BLE,1657466578569880078,D0:03:DF:C9:BE:CF,-85
BLE,1657466578587948554,35:9A:01:59:70:9E,-93
BLE,1657466578628276383,3B:E1:C5:93:65:D2,-50
BLE,1657466578710480997,D0:03:DF:C9:BE:CF,-80
BLE,1657466578736934229,3B:E1:C5:93:65:D2,-49
BLE,1657466578770425256,35:9A:01:59:70:9E,-94
BLE,1657466578775915097,8C:EA:48:4C:F1:01,-96
BLE,1657466578785105830,80:47:86:70:AC:85,-94
BLE,1657466578815610945,F0:3F:B0:47:E5:DB,-86
BLE,1657466578837319315,3B:E1:C5:93:65:D2,-54
BLE,1657466578890987757,D0:03:DF:C9:BE:CF,-80
BLE,1657466578943065245,3B:E1:C5:93:65:D2,-36
BLE,1657466578955288890,35:9A:01:59:70:9E,-97
BLE,1657466579040726410,53:5A:4A:FA:8C:C8,-90
BLE,1657466579045368275,3B:E1:C5:93:65:D2,-37
BLE,1657466579137804602,35:9A:01:59:70:9E,-94
BLE,1657466579153570146,3B:E1:C5:93:65:D2,-52
BLE,1657466579157916021,90:DD:5D:B3:CD:3C,-84
BLE,1657466579173549568,C0:0A:1A:10:3D:56,-93
BLE,1657466579223827114,F0:3F:B0:47:E5:DB,-68
BLE,1657466579323064244,62:98:A5:32:A2:5E,-90
BLE,1657466579368959917,D0:03:DF:C9:BE:CF,-84
BLE,1657466579466884085,3B:E1:C5:93:65:D2,-54
BLE,1657466579504405000,D0:03:DF:C9:BE:CF,-85
BLE,1657466579570090100,3B:E1:C5:93:65:D2,-35
BLE,1657466579584348688,53:5A:4A:FA:8C:C8,-94
BLE,1657466579631025338,F0:3F:B0:47:E5:DB,-82
BLE,1657466579664275376,D0:03:DF:C9:BE:CF,-84
BLE,1657466579674826071,3B:E1:C5:93:65:D2,-38
BLE,1657466579775564158,3B:E1:C5:93:65:D2,-51
BLE,1657466579833206491,62:98:A5:32:A2:5E,-94
BLE,1657466579849208028,D0:03:DF:C9:BE:CF,-83
BLE,1657466579857163798,8C:EA:48:4C:F1:01,-94
BLE,1657466579882579063,3B:E1:C5:93:65:D2,-53
BLE,1657466579967572605,90:DD:5D:B3:CD:3C,-96
BLE,1657466579978143299,D0:03:DF:C9:BE:CF,-71
BLE,1657466580042816430,F0:3F:B0:47:E5:DB,-82